,Date,Africa,EMEA,North,Oceania,Canada,Central,Central Asia,North Asia,South,East,West,Southeast Asia,Caribbean
0,2011-01-01,2,4,3,10,0,0,0,0,0,0,0,0,0
46,2011-01-02,0,0,0,0,1,0,0,0,0,0,0,0,0
93,2011-01-03,4,11,7,14,0,4,0,0,0,0,0,8,0
139,2011-01-04,2,0,10,0,0,5,0,3,20,0,0,0,12
185,2011-01-05,0,0,8,0,0,15,0,1,0,0,0,0,0
233,2011-01-06,1,0,0,0,0,3,0,1,0,3,0,15,0
281,2011-01-07,5,2,0,0,0,9,0,0,34,0,3,15,0
329,2011-01-08,8,0,0,0,0,31,0,7,0,0,0,0,0
376,2011-01-09,0,0,0,0,0,0,0,0,0,0,0,30,0
424,2011-01-10,4,25,7,15,0,5,0,5,3,0,0,3,0
469,2011-01-11,0,2,28,4,0,3,3,0,12,0,0,24,0
517,2011-01-12,10,0,13,0,0,14,0,0,0,2,0,0,0
565,2011-01-13,10,0,6,2,0,11,0,0,5,0,0,0,0
612,2011-01-14,12,11,4,0,0,46,0,0,26,9,13,6,0
659,2011-01-15,9,0,0,0,0,14,0,0,0,4,0,7,3
706,2011-01-16,0,0,0,0,0,0,0,0,5,0,0,0,0
754,2011-01-17,0,0,3,6,0,34,0,0,0,14,0,0,0
800,2011-01-18,4,1,1,0,0,0,0,0,11,0,0,0,0
846,2011-01-19,15,0,0,0,1,8,0,0,9,0,4,3,0
894,2011-01-20,12,3,3,3,0,2,0,0,0,0,24,0,0
939,2011-01-21,0,12,0,0,0,55,0,0,28,0,4,2,0
986,2011-01-22,2,4,0,7,0,14,0,0,19,0,0,0,0
1033,2011-01-23,0,3,0,0,0,14,0,0,0,0,0,0,0
1080,2011-01-24,6,6,0,27,0,6,5,0,17,0,6,3,0
1127,2011-01-25,11,0,2,0,0,32,0,2,0,0,0,0,1
1174,2011-01-26,8,19,8,0,0,50,10,0,6,0,0,4,0
1220,2011-01-27,7,4,15,0,0,4,0,9,34,0,0,13,5
1268,2011-01-28,0,0,0,2,0,1,0,0,0,0,8,10,0
1314,2011-01-29,1,0,0,0,0,0,0,0,4,1,0,0,0
1358,2011-01-30,18,0,0,2,0,0,0,0,0,0,0,0,0
1402,2011-01-31,14,0,0,37,0,7,0,6,0,0,0,4,7
3,2011-02-01,1,6,0,0,0,21,13,8,3,0,2,0,0
50,2011-02-02,0,0,2,2,0,35,0,21,15,0,0,11,0
97,2011-02-03,3,0,6,0,0,0,0,2,7,0,5,0,0
143,2011-02-04,8,0,0,14,0,8,0,0,0,0,5,0,0
189,2011-02-05,0,4,0,0,0,0,0,0,0,0,9,0,0
237,2011-02-06,0,1,0,0,0,0,0,0,0,0,0,0,0
285,2011-02-07,0,0,0,2,0,15,0,10,10,0,0,5,0
333,2011-02-08,3,2,0,0,0,5,0,4,13,11,0,0,0
380,2011-02-09,0,0,9,6,0,22,0,10,15,0,2,0,15
428,2011-02-10,18,11,17,0,0,23,0,23,3,0,0,7,0
473,2011-02-11,20,2,0,0,0,0,3,0,2,0,0,0,0
521,2011-02-12,7,0,0,0,0,14,1,0,11,0,0,0,0
569,2011-02-13,0,0,0,0,0,0,0,0,0,0,2,0,0
616,2011-02-14,12,11,0,14,0,0,0,12,2,0,0,0,16
662,2011-02-15,37,0,0,0,0,10,0,4,5,0,7,17,0
710,2011-02-16,0,0,0,7,0,32,14,0,0,0,5,0,13
758,2011-02-17,4,0,0,0,0,15,0,5,0,0,0,3,0
804,2011-02-18,0,0,0,13,4,36,3,2,0,0,0,0,0
850,2011-02-19,0,0,0,0,0,7,3,0,0,0,0,0,0
943,2011-02-21,0,0,0,16,0,12,0,17,12,0,2,10,0
990,2011-02-22,2,26,3,0,0,7,2,0,15,0,0,0,0
1037,2011-02-23,0,1,5,0,0,0,23,0,2,0,3,0,0
1084,2011-02-24,4,17,0,0,1,19,0,0,13,0,0,5,2
1131,2011-02-25,27,0,0,0,0,2,0,9,0,0,7,0,3
1178,2011-02-26,0,0,0,0,0,31,0,4,12,0,0,3,12
1224,2011-02-27,0,8,0,0,0,0,0,0,0,0,0,0,0
1272,2011-02-28,0,0,0,1,0,0,0,24,2,4,0,8,0
7,2011-03-01,1,36,15,15,15,70,0,7,2,3,2,11,0
53,2011-03-02,0,1,0,26,0,0,0,0,0,11,0,5,2
101,2011-03-03,14,22,0,0,0,26,9,0,7,25,3,0,3
147,2011-03-04,1,2,0,0,0,11,0,3,8,0,0,0,0
193,2011-03-05,0,2,2,0,0,0,0,0,0,16,0,0,0
241,2011-03-06,0,0,0,0,0,7,0,0,0,0,0,0,0
289,2011-03-07,2,17,0,0,0,10,1,0,0,0,27,0,0
337,2011-03-08,7,6,0,19,2,30,0,0,3,0,0,32,0
384,2011-03-09,10,0,0,6,0,0,0,0,11,0,0,0,0
432,2011-03-10,0,6,4,0,0,5,0,12,7,0,7,0,0
477,2011-03-11,1,1,0,9,0,25,0,0,20,25,3,2,6
525,2011-03-12,0,0,4,0,0,8,0,18,0,0,0,5,0
620,2011-03-14,5,0,0,2,0,32,0,2,10,0,24,0,0
666,2011-03-15,0,0,21,0,0,0,0,19,14,0,0,7,0
714,2011-03-16,6,7,0,9,0,0,0,6,4,0,0,0,0
761,2011-03-17,0,1,4,0,0,49,0,0,14,31,0,0,0
808,2011-03-18,2,0,0,8,0,9,9,0,25,0,23,10,0
854,2011-03-19,0,0,0,0,0,6,0,0,23,0,0,0,0
947,2011-03-21,4,4,14,7,0,7,10,0,60,5,0,9,19
994,2011-03-22,0,0,12,8,0,9,0,3,9,0,6,5,2
1041,2011-03-23,9,5,2,13,0,11,0,0,3,0,8,16,0
1087,2011-03-24,0,0,0,2,0,18,0,0,0,5,2,9,2
1135,2011-03-25,0,3,10,3,0,16,0,7,0,7,14,16,0
1181,2011-03-26,0,0,0,0,0,6,0,0,0,0,16,8,0
1228,2011-03-27,0,0,0,0,0,3,0,0,0,0,0,0,0
1276,2011-03-28,0,10,37,0,0,14,0,6,8,1,3,0,2
1319,2011-03-29,0,0,6,0,2,27,0,1,0,0,0,2,0
1362,2011-03-30,1,2,0,0,0,39,21,0,0,10,8,38,0
1406,2011-03-31,1,19,13,4,0,13,0,2,18,1,4,0,0
11,2011-04-01,0,0,0,0,0,8,0,14,48,6,6,4,0
57,2011-04-02,3,0,0,2,0,23,20,3,28,0,0,2,0
105,2011-04-03,0,0,0,0,0,0,0,17,0,0,7,0,0
150,2011-04-04,10,8,5,0,0,20,0,3,59,0,8,0,0
197,2011-04-05,11,1,0,8,0,41,34,0,29,1,0,3,0
245,2011-04-06,3,0,0,0,0,13,0,3,19,12,26,0,1
293,2011-04-07,0,1,8,0,0,37,0,0,22,0,0,0,0
341,2011-04-08,8,0,0,15,0,0,0,0,16,1,18,0,0
388,2011-04-09,0,0,0,0,0,0,0,7,10,0,0,0,0
481,2011-04-11,1,0,8,0,0,39,0,0,15,0,16,12,0
529,2011-04-12,0,0,12,0,0,5,0,4,13,0,30,0,7
576,2011-04-13,7,14,9,25,0,0,0,0,0,42,0,8,0
624,2011-04-14,27,2,9,13,7,5,12,0,18,0,0,0,0
670,2011-04-15,19,2,5,0,0,15,2,0,0,0,6,0,6
718,2011-04-16,14,0,0,2,0,8,0,27,6,0,0,0,0
811,2011-04-18,2,0,0,0,0,42,0,18,32,0,15,9,0
858,2011-04-19,1,0,0,17,0,7,11,0,32,0,3,0,4
904,2011-04-20,10,4,27,0,0,17,0,0,0,0,4,0,5
951,2011-04-21,0,4,0,3,3,20,13,0,19,0,5,0,7
998,2011-04-22,17,4,18,4,0,9,0,32,0,11,0,18,4
1045,2011-04-23,0,2,1,2,0,0,0,0,0,19,1,0,3
1091,2011-04-24,0,14,0,0,0,0,0,0,0,0,0,0,0
1138,2011-04-25,16,21,0,0,0,15,2,0,3,0,13,8,0
1185,2011-04-26,0,8,6,0,0,23,0,0,2,0,16,6,0
1232,2011-04-27,9,6,0,0,0,58,0,0,9,0,0,0,0
1280,2011-04-28,11,0,39,0,0,1,0,7,0,24,5,0,0
1323,2011-04-29,0,0,4,7,0,31,0,0,17,4,0,0,0
1366,2011-04-30,8,2,0,9,0,0,0,0,13,0,0,0,0
61,2011-05-02,4,10,0,0,0,7,0,26,2,3,0,25,0
109,2011-05-03,23,0,8,16,4,28,0,11,0,6,0,1,0
154,2011-05-04,2,0,5,0,0,63,0,0,3,2,11,10,0
201,2011-05-05,5,2,0,0,0,35,3,0,10,0,0,0,0
249,2011-05-06,0,24,3,2,0,5,6,32,0,0,16,0,8
297,2011-05-07,1,0,0,0,0,7,0,0,4,12,0,0,0
344,2011-05-08,0,0,0,3,0,3,0,0,0,5,0,0,0
392,2011-05-09,3,7,12,3,0,14,0,0,28,0,7,18,0
439,2011-05-10,10,14,26,14,0,14,6,0,2,12,22,0,8
485,2011-05-11,0,0,6,5,0,55,0,0,0,3,0,0,0
533,2011-05-12,8,10,0,11,0,15,0,7,6,3,0,20,4
580,2011-05-13,2,6,0,0,0,18,12,0,16,0,13,0,0
628,2011-05-14,0,9,0,6,0,10,0,0,2,0,0,0,0
674,2011-05-15,0,0,0,0,0,3,0,0,0,0,0,0,0
722,2011-05-16,2,1,3,0,0,19,0,2,0,0,8,0,0
768,2011-05-17,16,0,5,0,0,4,0,0,12,0,0,0,0
815,2011-05-18,4,10,9,2,0,35,10,0,6,9,0,3,22
862,2011-05-19,0,0,3,18,0,13,0,3,25,0,0,6,0
908,2011-05-20,0,0,0,0,1,28,0,0,2,20,0,6,0
954,2011-05-21,0,6,0,0,1,22,0,0,50,16,8,21,22
1002,2011-05-22,0,0,0,0,0,4,0,0,3,0,0,0,0
1049,2011-05-23,0,0,4,28,0,0,0,0,20,21,2,16,0
1095,2011-05-24,2,1,0,27,0,0,6,28,9,3,0,8,0
1142,2011-05-25,12,0,0,0,0,10,0,0,18,2,0,0,0
1189,2011-05-26,0,0,41,0,0,11,16,0,5,0,13,0,0
1236,2011-05-27,0,2,39,14,0,37,0,0,0,0,27,0,0
1283,2011-05-28,0,0,8,0,0,0,0,0,0,0,14,3,0
1370,2011-05-30,0,4,6,15,0,13,12,0,19,18,0,6,0
1410,2011-05-31,8,13,3,16,0,6,14,0,20,0,0,0,7
18,2011-06-01,3,11,51,2,0,45,5,0,17,9,0,11,0
65,2011-06-02,1,7,7,12,0,61,20,0,15,0,9,23,0
113,2011-06-03,23,4,0,26,0,42,0,27,12,0,6,0,0
158,2011-06-04,2,0,4,0,0,14,0,0,17,12,0,0,0
205,2011-06-05,0,0,0,0,0,19,0,0,0,0,0,0,0
253,2011-06-06,21,8,16,16,0,55,26,0,7,16,0,0,3
301,2011-06-07,0,29,40,45,0,42,7,0,28,0,0,6,3
348,2011-06-08,2,18,5,0,0,46,0,0,13,8,3,9,6
396,2011-06-09,5,4,0,10,0,39,3,0,19,0,54,0,19
443,2011-06-10,8,0,4,3,0,8,14,16,23,0,0,3,9
489,2011-06-11,8,0,0,0,0,21,0,0,8,0,0,0,11
537,2011-06-12,0,0,0,0,0,0,0,0,4,0,0,0,0
584,2011-06-13,5,2,8,0,0,58,11,0,41,0,3,8,12
632,2011-06-14,18,15,7,0,0,36,0,0,0,0,0,15,0
678,2011-06-15,12,16,22,10,0,17,0,12,14,0,0,0,3
726,2011-06-16,0,0,17,0,0,11,0,8,7,12,0,0,3
772,2011-06-17,3,2,45,0,0,23,6,15,8,3,11,4,21
819,2011-06-18,2,6,37,0,0,6,0,0,26,0,5,0,0
866,2011-06-19,0,2,0,0,0,0,0,0,0,0,0,0,0
912,2011-06-20,28,15,45,0,0,47,0,10,5,0,0,3,5
958,2011-06-21,7,2,15,6,0,14,7,9,13,42,9,0,0
1006,2011-06-22,9,3,6,24,1,90,12,8,22,11,9,0,0
1053,2011-06-23,8,21,2,3,0,5,0,2,10,3,0,5,1
1099,2011-06-24,0,10,10,39,3,16,0,0,28,0,2,3,0
1146,2011-06-25,0,8,6,4,1,2,0,0,0,0,22,20,0
1193,2011-06-26,13,0,0,0,0,3,0,0,0,0,0,0,0
1240,2011-06-27,13,12,1,5,2,35,6,0,59,0,0,10,5
1287,2011-06-28,0,3,11,3,0,21,4,1,5,23,0,13,9
1330,2011-06-29,0,21,12,13,0,16,0,0,10,10,0,30,0
1374,2011-06-30,0,3,6,0,0,25,3,0,32,11,5,15,16
22,2011-07-01,4,0,2,0,0,17,0,8,8,0,5,0,0
69,2011-07-02,0,0,3,10,0,0,0,0,0,3,0,0,5
162,2011-07-04,0,1,0,0,0,12,0,0,8,0,6,29,3
209,2011-07-05,2,4,0,5,0,28,0,0,21,0,6,30,0
257,2011-07-06,1,1,2,10,0,16,2,11,3,1,2,0,0
305,2011-07-07,15,0,11,3,0,12,0,0,7,4,0,0,0
352,2011-07-08,0,0,0,3,0,22,0,0,0,1,9,9,0
400,2011-07-09,1,0,5,0,5,11,0,0,9,0,25,0,0
493,2011-07-11,1,0,9,0,0,17,0,0,0,37,0,35,0
541,2011-07-12,4,1,18,14,0,44,2,0,9,0,30,0,0
588,2011-07-13,0,1,11,0,0,26,0,0,0,0,3,0,6
636,2011-07-14,0,0,10,0,0,20,0,0,14,11,5,0,0
682,2011-07-15,0,5,0,0,0,11,0,0,0,0,0,4,0
730,2011-07-16,30,2,0,0,0,6,0,23,0,0,0,0,0
776,2011-07-17,0,0,0,0,0,0,0,2,0,0,0,0,18
823,2011-07-18,12,3,12,7,0,3,0,0,6,2,4,3,13
870,2011-07-19,5,0,0,0,0,6,0,0,2,6,2,15,0
916,2011-07-20,13,5,20,14,0,16,5,12,0,4,30,7,0
962,2011-07-21,0,0,12,0,6,34,0,2,26,0,8,0,0
1010,2011-07-22,0,0,7,0,0,1,0,0,0,4,26,0,21
1057,2011-07-23,0,1,0,0,0,18,0,0,11,2,41,14,0
1103,2011-07-24,0,0,2,0,0,0,0,0,6,0,0,0,0
1150,2011-07-25,0,5,0,21,0,0,0,0,0,0,22,5,0
1197,2011-07-26,8,1,7,2,0,41,0,0,22,0,24,0,9
1244,2011-07-27,0,0,14,7,0,42,0,1,24,11,4,10,0
1291,2011-07-28,0,4,0,0,4,15,2,0,20,0,0,15,0
1334,2011-07-29,0,4,28,0,0,13,4,0,0,0,0,10,0
1378,2011-07-30,0,3,0,0,0,0,9,12,0,0,8,6,0
1414,2011-07-31,0,0,0,0,0,13,0,0,0,0,0,5,0
26,2011-08-01,19,33,0,0,0,19,0,12,10,2,3,8,0
73,2011-08-02,45,0,37,4,0,15,5,2,0,0,0,7,0
120,2011-08-03,1,17,5,0,0,46,11,42,0,14,6,2,13
166,2011-08-04,1,51,32,1,0,22,20,0,0,24,27,13,0
213,2011-08-05,8,3,0,12,0,35,0,5,13,18,17,0,8
261,2011-08-06,0,8,0,0,0,16,0,2,3,2,0,1,0
309,2011-08-07,0,0,0,0,0,2,0,0,0,0,0,0,0
356,2011-08-08,1,9,0,0,0,48,0,31,4,0,36,0,0
404,2011-08-09,2,6,14,0,6,30,0,10,18,0,30,0,12
450,2011-08-10,11,11,31,2,0,0,0,0,16,0,0,6,0
497,2011-08-11,25,11,0,8,5,10,6,17,37,1,4,0,0
545,2011-08-12,4,14,17,3,0,14,11,0,63,7,11,24,0
592,2011-08-13,3,0,0,0,0,0,0,18,0,0,0,8,0
686,2011-08-15,5,6,21,3,0,21,0,18,26,3,17,7,0
734,2011-08-16,16,4,17,0,0,18,13,0,18,6,0,7,17
780,2011-08-17,4,27,0,19,0,30,4,8,23,0,0,0,0
827,2011-08-18,7,2,7,14,0,54,0,3,0,0,0,28,8
874,2011-08-19,0,6,5,9,0,0,0,35,15,8,9,0,10
919,2011-08-20,5,0,0,10,0,15,3,0,16,0,0,0,0
966,2011-08-21,0,0,0,0,0,25,0,0,13,0,0,5,0
1013,2011-08-22,0,1,25,5,0,5,6,3,6,1,0,0,0
1061,2011-08-23,4,5,8,19,0,16,0,4,0,8,33,0,0
1107,2011-08-24,43,17,19,0,0,7,0,0,40,5,2,4,0
1154,2011-08-25,0,12,3,16,0,52,15,3,12,40,21,29,11
1201,2011-08-26,0,2,1,0,0,39,1,0,3,14,8,30,0
1248,2011-08-27,0,3,13,3,0,6,0,10,22,0,9,0,0
1338,2011-08-29,12,3,9,18,0,11,8,0,11,0,4,8,0
1382,2011-08-30,18,27,20,9,0,6,10,11,22,8,0,2,0
1418,2011-08-31,1,6,0,14,0,22,16,0,23,0,9,16,0
30,2011-09-01,5,0,14,2,1,35,0,20,3,5,3,3,0
77,2011-09-02,14,13,0,12,0,57,20,38,26,13,0,17,0
124,2011-09-03,0,0,13,0,0,5,0,3,0,5,0,0,0
217,2011-09-05,0,3,13,0,0,14,25,0,2,2,0,19,0
265,2011-09-06,0,28,6,0,0,35,0,19,31,0,14,8,0
313,2011-09-07,19,14,6,7,0,63,4,0,10,13,11,0,0
360,2011-09-08,22,11,4,3,0,93,0,2,47,6,33,52,13
408,2011-09-09,0,0,12,11,2,35,0,0,40,44,0,0,0
453,2011-09-10,1,2,0,0,0,7,9,0,2,9,12,4,0
501,2011-09-11,0,19,0,0,0,0,0,10,0,0,3,0,0
549,2011-09-12,37,0,14,7,0,82,5,0,29,14,0,0,0
596,2011-09-13,0,28,3,1,0,20,19,0,46,14,26,0,0
643,2011-09-14,10,3,73,31,0,45,0,5,25,43,0,1,0
690,2011-09-15,1,6,27,23,0,31,24,11,27,9,0,0,0
738,2011-09-16,0,3,5,4,0,23,0,0,3,1,0,6,4
784,2011-09-17,0,0,8,11,0,3,3,6,11,4,46,0,0
831,2011-09-18,0,0,14,0,0,0,0,0,0,0,0,0,0
878,2011-09-19,4,3,10,16,0,39,5,0,18,7,12,2,4
923,2011-09-20,15,6,11,10,0,36,4,0,6,33,15,5,17
970,2011-09-21,13,23,4,0,1,40,0,8,16,18,29,6,0
1017,2011-09-22,3,7,6,0,0,37,10,10,8,12,7,0,5
1065,2011-09-23,0,10,23,22,3,67,3,12,17,26,5,0,0
1111,2011-09-24,0,0,8,6,0,15,8,0,0,0,4,0,2
1158,2011-09-25,0,0,10,21,0,14,0,0,0,0,2,0,0
1205,2011-09-26,0,6,3,2,1,67,26,8,44,27,10,2,0
1252,2011-09-27,7,16,42,2,2,38,23,22,34,3,7,3,3
1298,2011-09-28,7,3,29,6,0,53,3,0,24,3,0,0,0
1342,2011-09-29,17,3,0,1,0,23,0,15,15,45,28,0,0
1386,2011-09-30,5,0,8,2,0,41,0,6,23,10,7,8,9
34,2011-10-01,14,2,0,0,0,0,0,0,7,0,1,0,4
81,2011-10-02,0,0,0,0,0,0,0,0,0,0,18,0,0
128,2011-10-03,1,21,7,14,1,34,4,0,30,10,4,3,0
173,2011-10-04,3,8,3,0,0,44,2,10,34,5,11,9,4
221,2011-10-05,1,2,0,30,0,2,0,11,0,5,2,5,5
269,2011-10-06,1,6,0,32,0,14,30,15,19,5,3,9,0
317,2011-10-07,5,27,15,21,0,22,0,35,5,5,0,0,31
364,2011-10-08,0,0,4,0,0,4,5,19,3,4,0,4,10
412,2011-10-09,0,0,0,0,0,0,0,0,2,0,4,0,0
457,2011-10-10,12,1,0,0,0,44,21,0,0,4,19,5,23
505,2011-10-11,2,4,16,0,0,14,0,0,5,5,23,5,0
553,2011-10-12,0,15,11,14,0,28,0,3,19,0,6,0,12
600,2011-10-13,3,6,15,44,0,21,2,6,19,6,15,3,0
647,2011-10-14,4,4,3,0,0,50,11,14,19,28,0,13,5
694,2011-10-15,0,0,15,0,0,16,28,2,18,4,0,0,0
742,2011-10-16,0,0,0,0,0,7,0,0,0,0,6,4,0
788,2011-10-17,0,0,6,6,0,22,14,0,15,0,0,16,3
835,2011-10-18,0,2,4,0,0,28,18,0,31,16,3,4,4
882,2011-10-19,0,13,35,3,0,11,2,28,16,0,27,19,0
927,2011-10-20,27,0,2,9,0,40,0,6,11,0,0,27,0
974,2011-10-21,0,0,35,39,0,15,0,0,19,7,3,0,5
1021,2011-10-22,0,7,8,23,0,4,0,0,22,4,0,14,0
1115,2011-10-24,0,0,0,12,0,22,0,7,6,0,3,0,0
1162,2011-10-25,6,5,11,2,0,42,0,16,13,6,4,0,0
1209,2011-10-26,12,0,5,9,0,1,0,9,11,0,9,25,0
1256,2011-10-27,1,4,26,0,0,30,14,34,5,0,0,9,24
1302,2011-10-28,14,0,4,2,0,15,9,4,0,0,17,8,0
1346,2011-10-29,1,0,0,7,0,21,0,0,0,0,0,0,0
1390,2011-10-30,0,0,0,0,2,0,0,2,0,0,0,0,0
1422,2011-10-31,11,4,11,2,0,5,0,5,3,28,55,0,9
38,2011-11-01,13,35,11,0,4,46,11,43,64,21,23,8,3
85,2011-11-02,14,11,16,1,2,26,11,3,21,29,7,0,9
132,2011-11-03,7,12,24,30,0,45,18,0,34,16,4,21,6
177,2011-11-04,16,18,18,0,1,43,0,15,36,18,24,15,14
225,2011-11-05,4,9,11,0,0,10,7,1,10,17,6,8,0
273,2011-11-06,0,0,0,0,0,8,0,0,6,0,0,0,0
321,2011-11-07,18,27,11,8,0,50,15,13,37,7,16,3,0
368,2011-11-08,13,13,0,0,0,38,4,0,20,0,3,0,11
416,2011-11-09,0,6,9,2,2,13,16,9,10,9,27,14,5
461,2011-11-10,2,0,2,11,0,42,4,2,45,0,32,0,0
509,2011-11-11,14,1,34,0,0,61,0,18,2,17,37,33,1
557,2011-11-12,28,3,0,5,0,27,0,0,3,0,5,9,2
604,2011-11-13,0,0,4,0,0,8,0,0,0,0,0,0,0
651,2011-11-14,0,12,8,0,0,14,23,13,11,21,0,22,7
698,2011-11-15,2,0,35,19,0,29,0,0,11,0,11,5,17
746,2011-11-16,13,0,14,0,0,43,4,12,0,0,12,12,3
792,2011-11-17,10,2,5,0,0,22,0,5,13,38,12,0,0
839,2011-11-18,11,29,0,10,0,57,0,14,2,24,19,23,11
886,2011-11-19,3,0,12,0,0,9,0,0,29,30,3,0,0
931,2011-11-20,0,0,0,2,0,0,0,0,0,16,0,0,4
978,2011-11-21,18,16,0,0,0,28,15,0,13,0,5,0,13
1025,2011-11-22,7,0,13,7,0,61,3,5,22,0,9,24,8
1072,2011-11-23,13,25,2,0,5,48,5,0,33,3,14,16,0
1119,2011-11-24,4,1,22,0,0,31,0,0,5,23,24,11,14
1166,2011-11-25,5,6,10,28,0,43,0,6,5,9,32,73,0
1212,2011-11-26,0,4,2,0,0,16,0,2,23,24,23,0,0
1260,2011-11-27,0,0,0,0,0,5,0,0,2,7,0,0,0
1306,2011-11-28,12,9,23,11,0,48,21,0,29,2,20,25,14
1350,2011-11-29,0,11,21,15,0,34,6,3,40,4,7,12,14
1394,2011-11-30,0,4,8,11,0,29,0,20,30,4,11,15,2
42,2011-12-01,9,0,16,4,0,49,2,16,34,24,3,10,0
89,2011-12-02,3,9,1,6,0,59,0,9,4,42,0,11,0
135,2011-12-03,1,2,6,9,0,73,0,0,12,0,0,8,0
181,2011-12-04,2,0,0,0,0,0,0,0,0,2,0,0,0
229,2011-12-05,7,0,17,12,0,33,19,0,9,24,34,2,18
277,2011-12-06,1,7,15,7,0,35,1,36,27,0,11,9,0
325,2011-12-07,1,6,4,23,0,16,6,13,21,0,13,0,0
372,2011-12-08,16,15,32,8,0,47,0,24,12,0,51,21,20
420,2011-12-09,2,8,26,41,0,52,0,6,4,7,12,25,2
465,2011-12-10,0,1,19,2,0,30,25,3,0,9,11,11,0
513,2011-12-11,0,0,0,1,0,8,0,0,0,0,0,0,0
561,2011-12-12,16,19,1,11,0,14,14,0,11,0,31,20,8
608,2011-12-13,3,1,20,15,8,29,5,3,82,0,11,12,7
655,2011-12-14,14,2,4,13,0,23,24,0,16,7,0,12,0
702,2011-12-15,33,3,59,30,0,41,7,6,9,7,2,3,5
750,2011-12-16,3,2,5,10,0,41,0,18,22,0,18,29,2
796,2011-12-17,6,5,0,9,0,34,6,25,14,4,0,2,0
890,2011-12-19,0,17,7,3,0,99,0,0,34,0,16,7,0
935,2011-12-20,26,1,19,2,0,39,43,5,39,6,35,0,24
982,2011-12-21,14,4,18,0,0,28,35,5,30,6,9,20,0
1029,2011-12-22,11,0,36,14,0,22,17,17,32,17,4,3,0
1076,2011-12-23,0,8,67,0,0,52,0,20,12,5,0,11,23
1123,2011-12-24,14,1,12,10,0,4,0,8,17,5,25,0,15
1170,2011-12-25,0,0,0,15,0,0,0,4,0,0,0,5,2
1216,2011-12-26,5,27,25,9,0,36,3,10,8,20,27,7,15
1264,2011-12-27,0,32,17,0,0,68,0,0,31,19,26,34,0
1310,2011-12-28,19,17,22,0,0,25,11,0,72,19,14,0,30
1354,2011-12-29,1,1,9,9,0,64,3,3,17,5,50,20,6
1398,2011-12-30,12,25,6,7,0,27,13,4,14,21,5,0,0
1426,2011-12-31,6,0,10,0,0,34,0,7,0,40,7,0,0
47,2012-01-02,10,0,9,0,0,20,13,3,7,29,0,29,0
94,2012-01-03,7,14,0,4,0,30,0,0,10,0,0,3,0
140,2012-01-04,14,3,8,0,0,11,0,0,26,0,0,11,0
186,2012-01-05,10,0,18,0,0,41,0,0,20,7,13,0,0
234,2012-01-06,8,9,0,0,0,5,0,0,6,0,7,0,0
282,2012-01-07,0,0,9,0,0,5,3,5,0,0,0,0,10
330,2012-01-08,0,4,9,0,0,0,0,0,0,0,0,0,0
377,2012-01-09,0,22,5,2,0,3,0,0,33,0,0,0,0
425,2012-01-10,0,11,31,0,0,13,0,0,0,4,0,8,0
470,2012-01-11,5,5,7,15,0,0,6,0,2,0,0,19,0
518,2012-01-12,0,0,15,8,0,23,0,19,40,16,0,14,0
566,2012-01-13,6,0,16,28,0,4,9,9,2,0,16,6,4
613,2012-01-14,3,2,0,0,0,8,8,0,0,0,0,4,0
707,2012-01-16,0,6,6,12,0,23,0,10,13,0,0,2,0
755,2012-01-17,17,16,6,2,0,14,2,16,8,2,0,0,0
801,2012-01-18,21,12,5,20,0,26,0,0,14,0,0,0,15
847,2012-01-19,5,1,0,0,0,20,0,27,0,0,0,12,0
895,2012-01-20,0,10,10,17,0,0,0,0,0,0,0,11,0
940,2012-01-21,7,0,2,0,0,0,0,14,0,0,0,0,0
987,2012-01-22,0,7,0,0,0,3,0,0,0,0,0,0,0
1034,2012-01-23,3,19,6,18,0,0,14,6,20,0,5,9,0
1081,2012-01-24,0,0,3,0,0,36,12,0,8,0,0,0,0
1128,2012-01-25,0,10,9,1,0,15,3,0,22,0,0,3,4
1175,2012-01-26,0,1,0,8,0,0,2,0,13,0,8,12,0
1221,2012-01-27,0,2,3,18,0,22,0,36,3,7,5,0,0
1269,2012-01-28,9,1,0,0,0,9,0,0,13,0,0,0,22
1315,2012-01-29,0,10,0,0,0,0,0,0,0,0,0,0,0
1359,2012-01-30,13,2,0,3,0,36,0,0,0,0,10,5,0
1403,2012-01-31,3,0,11,10,0,7,0,0,0,0,0,0,0
4,2012-02-01,4,2,0,0,0,10,0,0,6,0,0,7,0
51,2012-02-02,4,3,7,13,0,38,0,26,0,0,0,0,0
98,2012-02-03,0,0,6,0,0,22,0,0,10,1,7,0,0
144,2012-02-04,0,0,8,6,0,1,7,0,3,0,0,10,0
190,2012-02-05,0,0,0,0,5,0,0,0,0,0,0,0,0
238,2012-02-06,2,3,0,8,0,8,10,15,31,15,3,6,0
286,2012-02-07,0,7,3,6,0,17,9,0,7,0,0,0,0
334,2012-02-08,0,5,0,0,0,35,0,0,0,3,0,0,0
381,2012-02-09,2,0,10,13,0,51,0,2,0,0,5,0,0
429,2012-02-10,0,16,4,7,7,0,0,8,3,5,0,27,3
474,2012-02-11,0,0,0,1,0,5,0,0,0,0,0,0,0
522,2012-02-12,0,8,0,0,0,0,0,0,0,0,0,0,0
570,2012-02-13,0,14,0,33,0,22,0,0,9,0,0,2,0
617,2012-02-14,6,0,31,0,0,7,0,0,7,23,0,9,0
663,2012-02-15,14,17,11,0,0,10,14,0,17,0,21,15,0
711,2012-02-16,0,0,11,4,0,0,0,0,0,6,10,16,0
759,2012-02-17,1,0,18,14,0,0,0,3,13,0,0,6,0
805,2012-02-18,0,0,0,0,0,18,0,8,38,0,6,2,0
851,2012-02-19,0,0,0,0,0,4,0,0,0,0,0,0,0
898,2012-02-20,16,20,0,21,0,5,0,0,1,7,0,0,0
944,2012-02-21,2,8,0,0,0,12,0,7,0,2,4,0,16
991,2012-02-22,2,18,23,20,0,4,0,0,2,0,0,3,0
1038,2012-02-23,1,5,30,0,0,0,0,0,0,8,0,9,0
1085,2012-02-24,2,10,0,0,0,3,9,0,0,0,0,0,0
1132,2012-02-25,0,0,0,6,0,0,11,6,2,5,0,0,9
1225,2012-02-27,11,1,0,0,0,0,9,0,6,18,9,0,0
1273,2012-02-28,0,10,2,17,0,9,0,0,10,0,0,0,0
1318,2012-02-29,9,1,0,0,0,7,0,0,4,0,5,0,0
8,2012-03-01,0,12,10,0,0,26,0,0,10,2,0,0,0
54,2012-03-02,2,19,22,29,0,28,9,0,17,0,3,0,0
102,2012-03-03,0,0,5,0,0,0,5,5,0,0,0,0,0
194,2012-03-05,16,7,7,14,0,41,0,0,0,29,0,0,0
242,2012-03-06,17,2,10,13,0,9,0,1,2,0,9,0,4
290,2012-03-07,0,0,7,26,0,36,0,0,9,10,0,0,0
338,2012-03-08,0,15,0,7,0,28,0,0,0,3,1,13,0
385,2012-03-09,2,4,4,0,0,8,0,0,4,0,0,20,11
433,2012-03-10,0,7,0,0,0,23,4,0,7,6,0,0,0
478,2012-03-11,0,0,0,4,0,0,0,0,0,0,0,0,0
526,2012-03-12,1,0,2,5,0,13,0,0,26,0,0,7,0
573,2012-03-13,0,9,21,0,0,17,0,0,14,0,14,0,2
621,2012-03-14,2,2,0,0,0,16,0,25,19,7,3,7,12
667,2012-03-15,0,0,37,0,0,63,0,0,3,0,3,4,0
715,2012-03-16,6,0,34,0,0,21,0,0,29,5,3,7,3
762,2012-03-17,0,0,13,0,0,9,0,0,0,3,0,0,0
855,2012-03-19,26,0,21,0,0,59,5,0,17,0,36,0,0
901,2012-03-20,0,22,15,17,1,34,0,52,21,18,3,0,0
948,2012-03-21,5,1,0,26,0,10,2,0,30,0,0,0,0
995,2012-03-22,0,6,10,17,0,37,2,11,20,0,11,0,0
1042,2012-03-23,13,5,0,14,0,20,0,0,14,0,18,3,0
1088,2012-03-24,2,0,14,1,0,5,0,0,11,0,5,0,0
1182,2012-03-26,1,6,1,0,0,55,0,0,9,19,8,10,0
1229,2012-03-27,2,5,78,16,0,10,2,9,0,0,5,0,0
1277,2012-03-28,5,5,0,8,0,6,0,0,0,7,6,6,0
1320,2012-03-29,8,8,8,2,0,23,5,0,7,4,19,0,0
1363,2012-03-30,4,3,9,0,0,18,0,5,6,0,0,0,0
1407,2012-03-31,1,4,5,0,0,21,0,9,18,0,0,0,0
12,2012-04-01,0,0,0,0,0,0,0,0,0,0,0,12,0
58,2012-04-02,5,7,3,8,3,20,0,0,2,0,8,0,8
106,2012-04-03,0,18,3,2,0,15,0,0,7,0,0,0,2
151,2012-04-04,0,1,8,0,0,11,0,0,20,11,0,0,2
198,2012-04-05,4,0,19,16,0,24,0,1,1,38,17,2,0
246,2012-04-06,14,0,14,7,0,52,5,21,3,0,0,0,0
294,2012-04-07,0,1,18,0,0,17,21,0,0,9,0,0,0
389,2012-04-09,3,9,47,0,0,13,0,0,7,6,3,0,0
436,2012-04-10,4,4,3,4,0,22,17,3,8,7,2,2,0
482,2012-04-11,0,0,0,0,0,54,0,0,12,9,6,0,0
530,2012-04-12,1,8,6,0,0,7,8,0,0,0,3,0,8
577,2012-04-13,2,0,0,0,0,69,0,0,0,0,28,11,8
625,2012-04-14,0,0,5,6,0,4,13,12,16,0,1,0,0
671,2012-04-15,2,0,0,0,0,0,0,0,0,0,0,0,17
719,2012-04-16,2,8,26,0,9,25,19,0,19,28,0,27,2
765,2012-04-17,3,1,20,0,0,2,0,5,15,17,17,4,2
812,2012-04-18,0,0,0,10,0,68,0,9,12,3,12,5,0
859,2012-04-19,0,15,0,0,0,16,5,0,5,0,0,3,18
905,2012-04-20,0,0,7,4,0,15,0,0,40,0,0,2,3
952,2012-04-21,0,0,5,2,0,4,8,0,13,0,0,0,6
999,2012-04-22,0,0,12,0,0,28,0,0,0,0,6,0,17
1046,2012-04-23,0,7,3,4,0,17,0,0,2,0,0,0,18
1092,2012-04-24,2,6,32,0,0,13,0,6,9,1,0,28,7
1139,2012-04-25,8,4,34,3,0,15,0,26,0,3,5,0,8
1186,2012-04-26,0,0,3,12,0,16,0,0,29,0,12,6,0
1233,2012-04-27,0,3,4,3,0,34,0,1,11,14,7,12,10
1281,2012-04-28,1,2,3,13,0,68,0,0,9,0,0,7,0
1324,2012-04-29,0,0,0,0,0,0,5,0,18,2,0,0,0
1367,2012-04-30,0,9,0,16,0,26,0,0,21,27,8,11,2
15,2012-05-01,0,0,10,13,6,16,2,0,12,0,9,7,0
62,2012-05-02,7,1,0,0,0,8,0,2,3,0,0,14,0
110,2012-05-03,1,6,8,5,0,7,5,1,10,25,20,12,0
155,2012-05-04,0,12,24,15,0,28,12,0,3,2,0,0,0
202,2012-05-05,2,0,5,0,0,0,0,2,0,0,0,4,0
250,2012-05-06,0,0,9,0,0,0,0,0,12,0,0,0,0
298,2012-05-07,7,5,28,27,0,15,0,0,18,0,0,8,22
345,2012-05-08,0,2,18,38,0,12,0,12,5,26,2,5,0
393,2012-05-09,7,11,0,57,6,32,10,0,4,0,0,17,0
440,2012-05-10,3,0,6,11,0,7,26,18,17,0,4,2,14
486,2012-05-11,0,24,12,0,0,17,39,0,25,0,7,0,4
534,2012-05-12,0,0,0,13,0,30,0,0,21,3,14,0,2
581,2012-05-13,0,0,3,0,0,6,0,0,0,0,0,0,0
629,2012-05-14,16,2,14,6,0,21,7,0,34,29,17,10,0
675,2012-05-15,12,15,14,25,4,12,8,2,17,2,0,9,15
723,2012-05-16,0,0,38,0,2,18,11,17,11,0,0,15,0
769,2012-05-17,0,0,0,42,0,31,0,3,18,14,0,0,0
816,2012-05-18,12,0,9,2,0,0,16,3,12,0,2,2,4
863,2012-05-19,17,0,0,0,0,3,0,0,0,0,0,10,0
909,2012-05-20,0,0,0,0,0,0,0,0,8,0,0,0,0
955,2012-05-21,0,0,36,0,0,20,0,4,36,2,4,8,4
1003,2012-05-22,17,0,8,29,0,11,0,3,17,0,22,11,0
1050,2012-05-23,2,28,13,9,0,28,1,11,25,3,11,22,0
1096,2012-05-24,0,24,20,36,0,26,6,18,12,0,0,4,7
1143,2012-05-25,10,16,5,9,0,35,23,2,14,0,16,0,3
1190,2012-05-26,16,4,0,0,0,35,0,0,14,0,1,5,0
1237,2012-05-27,0,0,0,0,0,0,0,0,0,0,0,2,0
1284,2012-05-28,32,13,10,0,0,5,0,3,4,27,3,7,0
1327,2012-05-29,16,1,29,0,0,7,0,7,20,15,13,0,0
1371,2012-05-30,10,18,0,14,1,5,5,0,8,8,0,1,0
1411,2012-05-31,0,8,6,27,0,44,45,24,13,20,31,0,0
19,2012-06-01,2,28,1,14,0,70,13,1,0,0,2,0,33
66,2012-06-02,0,7,6,0,8,59,3,0,7,0,0,3,0
114,2012-06-03,0,0,7,0,0,0,0,0,0,0,0,0,0
159,2012-06-04,16,13,13,1,5,13,15,17,4,7,9,14,0
206,2012-06-05,11,0,8,4,8,15,21,24,3,9,0,20,10
254,2012-06-06,2,19,50,8,0,35,14,3,3,0,0,13,8
302,2012-06-07,30,2,25,0,3,17,4,1,12,12,5,5,6
349,2012-06-08,1,5,28,6,2,26,6,32,49,0,0,13,0
397,2012-06-09,11,5,17,0,0,9,0,2,18,0,7,25,0
444,2012-06-10,0,0,0,0,0,0,0,0,17,0,0,5,0
490,2012-06-11,3,5,23,32,0,69,20,0,54,0,0,18,0
538,2012-06-12,47,26,21,13,1,18,0,0,11,11,0,0,13
585,2012-06-13,9,1,0,28,0,29,10,5,52,7,3,14,0
633,2012-06-14,2,27,0,1,0,58,1,13,0,6,0,0,0
679,2012-06-15,6,31,10,7,0,21,3,0,9,0,17,0,13
727,2012-06-16,17,9,2,4,0,16,17,0,22,7,0,7,0
773,2012-06-17,0,0,0,0,0,9,0,0,11,0,0,0,0
820,2012-06-18,4,21,36,44,0,25,0,3,27,0,19,21,0
867,2012-06-19,50,23,10,0,0,78,15,3,8,2,6,7,14
913,2012-06-20,8,6,18,8,0,56,0,22,18,2,16,2,0
959,2012-06-21,1,3,43,0,0,17,7,7,34,0,0,11,3
1007,2012-06-22,1,2,8,4,0,30,17,13,17,2,4,17,0
1054,2012-06-23,13,7,3,0,0,20,2,0,13,0,12,0,5
1100,2012-06-24,0,0,0,0,0,0,8,0,0,0,0,0,3
1147,2012-06-25,0,30,37,22,7,31,10,7,30,8,13,28,11
1194,2012-06-26,8,17,8,10,0,17,4,0,16,9,0,23,13
1241,2012-06-27,11,7,9,22,0,27,17,5,27,0,0,0,0
1288,2012-06-28,0,5,24,8,0,10,2,0,14,9,6,0,0
1331,2012-06-29,1,10,28,1,12,63,10,11,15,6,0,28,3
1375,2012-06-30,0,1,0,25,0,0,0,0,18,0,0,0,4
23,2012-07-01,0,0,21,0,0,0,0,0,0,0,0,0,0
70,2012-07-02,0,10,15,0,0,31,0,6,27,3,0,15,0
117,2012-07-03,10,4,0,16,0,15,0,17,23,13,0,9,0
163,2012-07-04,0,0,17,4,0,16,0,17,19,3,2,0,7
210,2012-07-05,0,16,0,0,0,23,8,0,17,6,0,10,8
258,2012-07-06,0,0,16,4,0,31,0,0,3,21,3,5,15
306,2012-07-07,1,2,0,0,10,13,35,0,0,0,0,0,0
353,2012-07-08,0,0,0,0,0,5,0,0,0,0,0,0,3
401,2012-07-09,0,0,42,1,0,3,0,0,5,49,0,0,0
447,2012-07-10,1,6,6,6,0,3,0,0,13,0,5,11,0
494,2012-07-11,0,5,28,10,0,47,0,0,13,46,6,2,13
542,2012-07-12,10,13,3,4,5,41,4,10,0,0,0,0,0
589,2012-07-13,1,4,43,0,0,29,0,0,12,13,0,1,0
637,2012-07-14,1,5,5,0,0,14,2,0,5,0,15,5,10
683,2012-07-15,0,0,0,2,0,0,0,0,0,0,0,0,0
731,2012-07-16,3,5,4,14,0,19,0,0,0,27,9,10,0
777,2012-07-17,0,6,0,9,1,32,0,0,21,0,2,10,0
824,2012-07-18,1,3,3,19,0,26,0,0,18,6,4,3,0
871,2012-07-19,6,0,0,13,0,7,2,3,3,0,1,0,0
917,2012-07-20,2,5,0,0,0,85,0,8,0,0,0,0,5
963,2012-07-21,13,4,0,0,0,13,9,0,13,0,0,2,0
1058,2012-07-23,8,2,5,0,0,5,0,0,29,9,0,0,0
1104,2012-07-24,19,0,10,0,0,29,3,7,33,0,0,17,7
1151,2012-07-25,4,0,50,0,0,23,12,0,25,4,16,0,0
1198,2012-07-26,7,0,11,0,0,0,0,0,15,2,22,13,0
1245,2012-07-27,0,2,34,0,0,7,0,0,17,0,0,0,0
1292,2012-07-28,6,11,3,0,0,12,0,0,5,0,0,0,0
1335,2012-07-29,0,0,0,0,0,0,0,0,4,0,0,0,0
1379,2012-07-30,4,5,12,4,0,72,5,0,0,0,13,0,0
1415,2012-07-31,6,0,0,0,0,14,2,0,51,17,0,11,15
27,2012-08-01,3,0,13,6,0,47,5,12,27,0,10,1,0
74,2012-08-02,6,1,8,67,0,22,11,30,0,8,8,12,0
121,2012-08-03,22,3,33,28,0,66,0,0,104,0,0,17,0
167,2012-08-04,3,0,5,0,0,20,0,0,2,0,0,0,0
214,2012-08-05,0,0,0,0,0,31,0,0,0,0,0,0,0
262,2012-08-06,3,27,0,2,4,76,0,0,26,0,0,13,10
310,2012-08-07,11,8,4,0,0,26,0,4,48,19,4,13,0
357,2012-08-08,1,27,5,0,0,26,0,22,8,12,5,5,0
405,2012-08-09,2,3,9,3,0,43,10,0,20,41,0,16,0
451,2012-08-10,8,14,14,8,0,57,9,22,0,0,15,27,7
498,2012-08-11,0,3,0,0,0,23,3,9,3,4,0,0,5
546,2012-08-12,0,0,0,0,0,3,0,12,0,0,0,3,0
593,2012-08-13,15,13,4,2,0,18,0,10,32,3,8,8,7
640,2012-08-14,16,31,28,20,0,47,27,0,0,0,0,0,0
687,2012-08-15,8,10,8,11,0,38,0,2,0,0,12,0,0
735,2012-08-16,15,3,28,28,4,8,7,1,15,30,16,31,0
781,2012-08-17,11,27,0,0,0,20,35,0,0,9,16,0,0
828,2012-08-18,1,3,5,1,0,22,0,0,10,0,0,18,0
875,2012-08-19,0,0,0,0,0,0,0,2,0,0,0,0,0
920,2012-08-20,47,21,28,1,17,0,0,25,7,0,0,2,9
967,2012-08-21,5,1,0,8,0,16,0,11,21,22,18,0,0
1014,2012-08-22,0,26,0,10,0,20,0,2,25,10,0,10,0
1062,2012-08-23,14,5,52,3,0,54,36,19,30,0,0,12,0
1108,2012-08-24,24,8,4,10,0,114,0,3,35,16,3,15,0
1155,2012-08-25,0,0,0,22,0,32,0,2,6,0,5,0,10
1202,2012-08-26,0,0,13,0,0,3,4,0,3,0,0,0,0
1249,2012-08-27,24,4,34,27,0,8,1,11,5,0,13,18,0
1295,2012-08-28,10,15,0,41,1,22,3,8,2,11,26,3,8
1339,2012-08-29,5,20,13,12,2,68,15,18,47,0,0,0,0
1383,2012-08-30,4,2,18,2,0,33,0,0,0,0,0,0,0
1419,2012-08-31,6,16,5,29,0,53,16,2,0,0,30,4,4
31,2012-09-01,0,3,26,3,0,11,13,0,3,14,7,0,7
78,2012-09-02,12,7,0,0,0,0,5,0,12,0,0,0,0
125,2012-09-03,2,24,3,0,6,27,1,14,54,14,17,12,14
170,2012-09-04,18,8,13,11,1,18,0,6,59,4,2,27,0
218,2012-09-05,1,37,9,9,0,64,3,0,16,0,13,22,8
266,2012-09-06,10,19,37,16,1,25,0,0,23,5,9,22,7
314,2012-09-07,17,5,15,4,0,57,0,7,13,38,7,24,2
361,2012-09-08,1,0,0,0,0,9,0,0,14,0,11,16,0
409,2012-09-09,0,0,0,0,0,9,0,0,10,0,0,0,0
454,2012-09-10,17,6,16,10,0,84,18,11,5,15,16,10,0
502,2012-09-11,7,21,43,2,0,28,3,5,4,29,23,12,19
550,2012-09-12,2,7,11,0,0,40,6,30,21,19,2,0,0
597,2012-09-13,7,24,37,2,0,57,0,7,29,1,23,6,1
644,2012-09-14,5,11,20,19,0,18,2,4,37,17,8,7,0
691,2012-09-15,10,0,30,0,1,33,14,18,52,12,0,4,5
739,2012-09-16,0,3,0,0,0,0,0,0,14,0,0,2,0
785,2012-09-17,6,4,8,2,0,56,0,6,22,70,8,3,0
832,2012-09-18,17,23,11,6,0,31,0,6,21,21,32,22,21
879,2012-09-19,16,5,6,7,0,7,4,14,28,14,10,7,0
924,2012-09-20,1,2,31,4,0,23,2,2,12,13,11,13,16
971,2012-09-21,13,5,12,27,0,37,4,2,59,7,12,4,17
1018,2012-09-22,6,17,6,0,0,22,2,2,22,8,5,2,0
1066,2012-09-23,0,0,0,0,0,2,0,0,0,0,0,0,0
1112,2012-09-24,3,7,10,13,0,120,3,2,19,19,25,4,0
1159,2012-09-25,19,8,32,6,0,38,0,27,8,31,13,18,0
1206,2012-09-26,7,2,9,15,0,50,2,2,23,28,53,9,6
1253,2012-09-27,7,7,34,0,4,39,11,0,29,0,11,11,10
1299,2012-09-28,1,17,25,7,0,76,16,11,6,8,25,18,5
1343,2012-09-29,2,0,3,0,0,51,0,0,0,0,0,5,0
1387,2012-09-30,0,0,0,0,0,0,0,0,23,0,0,0,0
35,2012-10-01,1,0,22,27,0,16,16,10,48,7,6,24,5
82,2012-10-02,0,5,17,8,6,12,0,0,10,19,38,20,6
129,2012-10-03,0,1,29,28,0,23,31,0,20,12,2,0,7
174,2012-10-04,0,27,9,4,0,18,18,0,9,7,2,18,0
222,2012-10-05,2,6,17,21,0,21,16,11,16,12,5,20,17
270,2012-10-06,0,0,2,0,0,14,8,34,40,0,0,9,0
318,2012-10-07,0,0,0,0,2,0,0,0,0,0,0,0,0
365,2012-10-08,1,2,22,0,0,5,7,2,0,0,5,37,8
413,2012-10-09,10,8,13,3,0,27,5,11,45,8,0,5,15
458,2012-10-10,3,2,29,0,0,26,0,6,15,0,13,10,0
506,2012-10-11,0,8,49,0,0,30,0,9,12,1,0,8,4
554,2012-10-12,21,1,8,5,0,33,12,0,10,27,4,0,9
601,2012-10-13,0,0,0,6,0,12,0,0,15,0,0,0,0
648,2012-10-14,0,0,4,0,0,0,0,0,0,0,0,0,0
695,2012-10-15,5,0,0,5,0,61,2,0,66,0,0,55,29
743,2012-10-16,2,0,6,2,0,0,6,0,36,3,0,9,0
789,2012-10-17,5,6,0,14,0,36,6,9,10,0,2,0,36
836,2012-10-18,2,0,0,5,0,43,30,14,2,0,8,0,8
883,2012-10-19,0,3,23,2,0,24,11,17,39,3,8,5,0
928,2012-10-20,0,2,0,0,0,0,24,0,13,2,19,0,0
975,2012-10-21,0,0,0,0,0,7,0,0,0,0,0,0,0
1022,2012-10-22,0,5,34,9,0,8,0,9,4,0,0,2,28
1069,2012-10-23,0,0,18,22,0,34,10,0,19,0,27,15,22
1116,2012-10-24,2,3,35,30,0,45,0,27,23,0,8,46,6
1163,2012-10-25,0,4,20,7,0,33,8,39,17,6,18,1,0
1210,2012-10-26,5,6,2,41,0,0,2,16,7,0,37,5,0
1257,2012-10-27,0,0,3,0,0,13,0,0,66,0,0,30,3
1303,2012-10-28,0,0,0,0,0,0,0,1,16,0,0,0,0
1347,2012-10-29,0,8,14,2,0,13,33,10,40,0,9,4,12
1391,2012-10-30,2,2,61,10,0,25,0,0,7,4,12,18,0
1423,2012-10-31,0,3,6,16,0,16,0,5,41,4,59,9,4
39,2012-11-01,1,10,4,24,1,60,3,21,8,32,1,6,5
86,2012-11-02,14,21,11,0,0,74,38,0,25,13,33,5,15
133,2012-11-03,0,13,13,0,0,7,0,0,8,10,13,0,3
178,2012-11-04,1,0,0,0,0,0,0,0,10,0,0,0,0
226,2012-11-05,3,45,29,18,0,65,17,11,32,13,7,12,10
274,2012-11-06,0,13,44,0,0,12,0,0,15,0,6,13,0
322,2012-11-07,20,14,14,1,0,55,0,3,25,14,1,16,4
369,2012-11-08,2,13,8,40,0,80,13,27,61,40,20,13,5
417,2012-11-09,26,1,16,29,0,48,7,8,24,26,2,14,19
462,2012-11-10,0,9,48,4,0,80,0,0,10,6,2,0,7
510,2012-11-11,1,2,0,0,0,9,0,0,8,0,0,0,0
558,2012-11-12,8,8,13,10,0,58,14,0,83,2,5,0,5
605,2012-11-13,13,44,19,41,0,72,9,11,93,15,37,58,7
652,2012-11-14,25,7,33,0,0,45,3,18,20,16,19,6,11
699,2012-11-15,45,47,9,42,0,17,20,1,20,28,0,15,0
747,2012-11-16,5,28,30,19,0,108,0,9,11,5,8,26,0
793,2012-11-17,0,8,10,0,0,34,0,0,8,0,30,13,11
840,2012-11-18,0,0,3,0,0,0,0,0,3,0,0,0,0
887,2012-11-19,7,17,16,11,0,49,2,14,4,6,6,6,0
932,2012-11-20,18,7,17,15,13,49,0,11,21,23,63,26,0
979,2012-11-21,10,0,19,25,0,73,3,12,34,25,19,2,0
1026,2012-11-22,8,4,14,37,0,41,0,2,27,12,15,0,0
1073,2012-11-23,4,0,19,4,4,59,2,6,48,31,0,16,0
1120,2012-11-24,1,6,0,15,0,7,14,3,17,0,49,0,0
1167,2012-11-25,0,0,0,0,0,0,0,0,24,0,0,0,0
1213,2012-11-26,1,7,19,0,3,21,11,0,23,15,0,2,24
1261,2012-11-27,1,24,49,0,0,3,17,4,47,41,11,12,4
1307,2012-11-28,23,10,26,14,2,31,2,0,22,21,6,26,11
1351,2012-11-29,7,0,12,36,4,78,1,0,20,0,3,17,0
1395,2012-11-30,18,3,2,9,0,27,9,13,21,33,8,11,12
43,2012-12-01,0,0,5,7,0,45,27,0,16,0,43,8,0
90,2012-12-02,0,0,21,0,0,0,0,0,0,0,0,0,0
136,2012-12-03,11,1,3,14,0,64,11,4,102,26,3,22,9
182,2012-12-04,13,1,29,0,0,69,0,2,47,29,22,9,12
230,2012-12-05,4,0,16,7,0,28,16,0,31,18,9,11,8
278,2012-12-06,12,14,8,1,1,13,1,0,24,35,60,0,0
326,2012-12-07,17,1,0,10,0,48,12,37,7,13,9,19,0
373,2012-12-08,22,12,6,0,0,25,3,0,0,0,9,0,0
421,2012-12-09,10,0,0,0,0,3,6,0,0,0,0,0,0
466,2012-12-10,12,8,11,28,0,18,3,9,47,41,4,0,0
514,2012-12-11,0,35,2,11,0,39,2,4,35,3,45,3,35
562,2012-12-12,4,0,14,6,0,21,17,24,4,3,40,14,1
609,2012-12-13,17,1,15,12,2,17,2,2,23,5,22,0,0
656,2012-12-14,0,6,5,0,0,19,0,16,35,0,22,3,0
703,2012-12-15,0,0,17,9,0,13,9,24,15,18,16,0,0
751,2012-12-16,0,0,0,0,0,0,10,5,0,0,1,0,0
797,2012-12-17,7,25,59,9,0,57,9,5,31,0,14,0,5
843,2012-12-18,13,22,15,32,0,24,0,14,57,14,2,0,1
891,2012-12-19,0,12,24,11,0,41,21,2,41,30,8,4,3
936,2012-12-20,17,11,65,0,0,47,9,6,36,1,7,0,9
983,2012-12-21,2,20,4,0,0,55,0,0,41,2,21,5,0
1030,2012-12-22,3,1,15,14,0,30,0,0,9,9,0,0,0
1077,2012-12-23,0,0,0,0,0,0,0,0,14,0,0,0,0
1124,2012-12-24,37,0,16,2,5,36,7,13,25,38,33,0,0
1171,2012-12-25,14,14,29,18,0,51,0,10,38,10,13,27,24
1217,2012-12-26,10,4,47,24,0,24,0,9,24,12,0,21,7
1265,2012-12-27,7,7,7,4,0,82,0,13,37,19,28,10,23
1311,2012-12-28,1,0,58,14,0,40,10,5,68,2,0,36,3
1355,2012-12-29,3,0,4,4,0,15,0,0,3,2,0,2,0
1399,2012-12-30,6,0,16,15,0,0,0,0,0,0,18,0,0
1427,2012-12-31,0,6,19,14,0,75,7,0,54,0,2,1,2
1,2013-01-01,2,2,3,34,1,8,2,28,6,0,0,0,0
48,2013-01-02,6,17,25,19,0,22,5,0,0,5,0,7,0
95,2013-01-03,0,0,5,0,9,67,0,0,0,0,2,0,0
141,2013-01-04,2,0,11,3,0,62,2,8,27,7,0,0,5
187,2013-01-05,4,0,0,3,0,9,0,13,16,0,0,5,0
235,2013-01-06,0,0,4,0,0,0,0,0,0,0,0,0,0
283,2013-01-07,0,4,33,33,0,17,13,0,18,0,1,0,0
331,2013-01-08,5,11,32,15,0,24,0,0,14,0,0,0,5
378,2013-01-09,13,6,12,3,0,0,0,2,6,2,14,22,0
426,2013-01-10,3,15,0,20,1,0,6,23,0,0,11,19,9
471,2013-01-11,18,7,8,6,0,0,0,0,3,22,0,1,15
519,2013-01-12,3,5,16,0,0,0,6,0,19,0,0,8,0
567,2013-01-13,0,0,0,4,0,0,0,0,0,0,0,0,0
614,2013-01-14,20,9,6,0,0,8,0,20,14,0,0,3,0
660,2013-01-15,0,17,10,0,0,9,2,2,5,26,0,34,0
708,2013-01-16,15,0,22,19,0,27,8,6,0,0,5,2,0
756,2013-01-17,0,2,0,0,0,50,0,0,4,7,0,4,8
802,2013-01-18,5,7,17,22,0,21,8,0,13,0,0,0,3
848,2013-01-19,2,6,0,6,0,5,0,0,23,0,0,0,0
896,2013-01-20,0,15,0,0,0,0,0,0,0,0,0,0,0
941,2013-01-21,6,1,29,0,8,0,0,0,12,0,9,0,0
988,2013-01-22,3,0,6,1,7,0,34,11,16,17,15,0,1
1035,2013-01-23,0,23,0,7,0,7,0,0,14,21,7,0,0
1082,2013-01-24,11,2,0,0,0,3,2,0,9,0,0,6,0
1129,2013-01-25,31,2,3,6,5,0,22,0,6,24,0,0,0
1176,2013-01-26,0,8,0,0,0,13,0,0,0,0,0,7,0
1222,2013-01-27,0,0,0,0,0,0,0,0,24,0,0,0,0
1270,2013-01-28,31,4,7,0,6,26,5,5,0,0,2,33,0
1316,2013-01-29,1,8,8,0,0,33,0,13,25,0,0,0,0
1360,2013-01-30,15,0,0,23,0,30,0,5,22,0,27,21,0
1404,2013-01-31,5,20,18,7,0,7,0,1,22,2,6,10,0
5,2013-02-01,0,0,0,3,0,17,0,0,11,0,4,0,39
52,2013-02-02,7,5,0,2,0,13,2,0,29,2,0,0,0
99,2013-02-03,0,0,0,0,0,7,0,0,4,0,0,0,0
145,2013-02-04,9,0,5,0,1,12,0,2,0,2,4,0,0
191,2013-02-05,8,0,44,29,0,5,0,9,44,0,14,0,6
239,2013-02-06,11,13,2,6,0,20,6,0,15,0,0,21,0
287,2013-02-07,8,1,27,0,0,15,24,18,21,2,5,0,0
335,2013-02-08,23,4,2,2,0,21,0,0,13,0,0,23,0
382,2013-02-09,2,1,9,15,0,0,0,0,0,0,5,0,3
430,2013-02-10,0,0,0,0,0,0,0,0,0,0,0,31,0
475,2013-02-11,15,0,0,0,0,23,9,0,41,0,0,9,0
523,2013-02-12,0,8,5,0,0,46,0,16,10,0,0,47,0
571,2013-02-13,5,2,7,0,0,16,5,0,15,0,3,6,0
618,2013-02-14,14,2,8,13,0,9,0,0,25,13,0,0,0
664,2013-02-15,0,2,4,4,0,64,0,3,0,7,0,7,16
712,2013-02-16,2,0,0,4,0,30,0,5,9,8,0,0,0
806,2013-02-18,10,0,2,0,0,41,0,0,32,0,0,0,0
852,2013-02-19,6,11,8,16,0,31,0,0,6,11,2,0,19
899,2013-02-20,1,10,0,2,1,33,4,0,34,0,0,2,0
945,2013-02-21,2,1,0,9,0,0,0,0,17,17,17,0,5
992,2013-02-22,36,14,8,0,5,22,6,2,5,0,9,0,0
1039,2013-02-23,16,0,0,0,0,4,0,1,12,3,0,0,0
1133,2013-02-25,4,2,18,0,0,9,0,5,23,5,0,0,12
1179,2013-02-26,13,5,2,10,0,24,0,0,24,0,0,0,0
1226,2013-02-27,8,7,21,24,0,34,0,36,0,3,0,10,0
1274,2013-02-28,2,4,15,0,0,34,0,0,4,6,0,0,0
9,2013-03-01,8,2,12,8,0,21,0,15,9,7,0,0,5
55,2013-03-02,24,0,2,0,0,14,0,0,0,18,2,0,0
103,2013-03-03,0,0,0,0,0,5,0,0,0,0,0,11,0
148,2013-03-04,10,16,0,16,0,51,7,0,0,15,6,19,9
195,2013-03-05,13,1,32,11,0,28,0,0,16,2,1,17,0
243,2013-03-06,0,25,5,9,0,12,0,0,26,0,0,6,6
291,2013-03-07,0,1,10,15,0,23,0,3,27,6,0,5,0
339,2013-03-08,5,4,0,0,0,59,0,9,9,0,0,2,8
386,2013-03-09,1,6,2,0,0,25,0,0,8,18,3,0,0
434,2013-03-10,0,0,0,0,0,0,0,0,0,18,0,0,0
479,2013-03-11,4,6,36,31,0,39,0,0,15,2,20,6,12
527,2013-03-12,18,1,12,2,0,24,12,0,8,6,0,0,4
574,2013-03-13,15,15,20,3,0,55,0,15,30,3,19,0,4
622,2013-03-14,3,15,0,0,0,32,0,0,8,31,19,5,9
668,2013-03-15,5,0,5,15,0,43,2,0,24,5,8,5,0
716,2013-03-16,0,2,15,0,1,12,0,12,16,3,6,3,0
763,2013-03-17,0,0,0,0,0,3,0,0,0,0,0,0,0
809,2013-03-18,8,17,17,0,0,9,3,6,8,19,2,0,0
856,2013-03-19,4,0,7,0,0,65,0,0,8,0,0,17,0
902,2013-03-20,4,9,31,0,0,20,0,0,17,5,1,19,0
949,2013-03-21,12,3,0,12,0,8,0,0,27,0,11,0,4
996,2013-03-22,3,5,9,0,0,31,0,0,11,0,0,3,0
1043,2013-03-23,13,7,5,1,0,27,25,0,40,0,9,9,0
1089,2013-03-24,0,0,0,0,0,0,0,0,10,0,0,0,0
1136,2013-03-25,0,23,11,18,0,5,10,9,5,5,4,18,0
1183,2013-03-26,2,12,6,1,0,16,6,7,12,3,0,6,8
1230,2013-03-27,1,0,1,21,0,31,3,0,10,5,6,7,6
1278,2013-03-28,4,2,0,0,7,9,0,13,45,0,0,19,0
1321,2013-03-29,26,1,3,0,0,33,7,0,27,0,5,2,0
1364,2013-03-30,6,1,0,9,1,23,0,0,4,31,0,12,1
1408,2013-03-31,0,0,0,0,0,0,0,0,2,1,0,0,0
13,2013-04-01,6,18,0,0,0,4,0,2,8,11,0,25,10
59,2013-04-02,9,10,9,11,0,22,0,2,40,49,7,0,5
107,2013-04-03,4,13,8,4,0,8,0,0,25,0,0,4,0
152,2013-04-04,10,6,8,0,0,24,10,0,0,9,0,0,0
199,2013-04-05,27,5,11,4,0,21,0,12,34,9,0,0,0
247,2013-04-06,0,2,0,20,0,12,2,0,0,7,0,5,0
295,2013-04-07,0,0,0,0,0,0,0,0,32,5,0,0,11
342,2013-04-08,0,2,0,0,0,32,0,0,26,13,3,12,4
390,2013-04-09,0,12,0,3,0,53,18,6,30,24,12,0,0
437,2013-04-10,16,5,22,10,0,30,0,0,0,0,14,27,0
483,2013-04-11,6,0,7,14,0,33,0,0,13,2,26,0,4
531,2013-04-12,13,18,6,12,0,6,0,16,34,0,0,2,4
578,2013-04-13,5,0,4,0,0,15,0,0,17,0,17,0,0
626,2013-04-14,0,9,0,0,0,0,0,0,0,0,3,0,0
672,2013-04-15,1,7,17,7,0,19,0,0,67,2,13,0,0
720,2013-04-16,2,0,19,6,0,40,0,0,40,0,5,1,0
766,2013-04-17,3,10,0,0,1,10,0,12,25,14,3,11,0
813,2013-04-18,11,2,16,5,0,31,8,0,14,0,3,0,18
860,2013-04-19,14,0,6,0,0,20,0,0,36,4,0,24,6
906,2013-04-20,0,22,3,0,0,21,0,0,18,26,21,0,0
1000,2013-04-22,1,2,0,0,0,24,2,0,13,11,5,2,0
1047,2013-04-23,1,0,16,22,0,40,0,0,22,10,23,2,4
1093,2013-04-24,0,8,2,24,0,26,6,0,7,13,17,0,5
1140,2013-04-25,0,18,10,0,0,57,0,0,28,0,12,24,0
1187,2013-04-26,4,9,6,5,0,13,8,4,31,7,0,17,3
1234,2013-04-27,0,5,0,0,0,0,0,0,3,3,0,0,0
1325,2013-04-29,7,2,10,0,0,48,0,0,10,0,5,13,0
1368,2013-04-30,0,0,19,8,0,51,0,16,0,0,0,0,0
16,2013-05-01,3,2,6,12,6,11,49,6,20,2,7,13,17
63,2013-05-02,0,0,15,7,2,8,0,3,13,0,0,4,0
111,2013-05-03,4,1,34,0,0,33,2,24,50,18,0,37,7
156,2013-05-04,7,2,11,0,0,14,0,33,12,20,0,9,0
203,2013-05-05,0,0,0,17,0,1,0,0,0,0,0,0,0
251,2013-05-06,0,4,24,0,2,15,0,0,32,0,22,13,0
299,2013-05-07,14,1,0,42,0,37,47,5,21,11,4,28,0
346,2013-05-08,9,3,16,12,0,12,10,27,0,32,0,31,0
394,2013-05-09,18,6,0,21,0,8,8,2,3,13,3,11,10
441,2013-05-10,0,5,0,10,0,77,13,9,7,11,6,9,0
487,2013-05-11,3,0,15,10,0,10,0,7,3,2,2,0,8
535,2013-05-12,0,2,0,0,0,11,0,0,9,0,1,0,0
582,2013-05-13,4,3,17,12,0,0,0,6,11,9,12,0,0
630,2013-05-14,0,9,19,9,0,33,11,3,23,0,0,14,6
676,2013-05-15,17,0,8,26,4,29,6,19,52,1,7,40,3
724,2013-05-16,12,0,16,18,0,60,15,2,30,7,0,21,2
770,2013-05-17,18,9,6,37,0,33,9,6,1,4,16,16,0
817,2013-05-18,0,0,25,0,0,18,0,10,10,13,0,0,14
864,2013-05-19,0,2,0,0,0,0,7,0,0,0,6,0,0
910,2013-05-20,2,0,1,11,0,5,12,0,10,26,9,3,15
956,2013-05-21,1,14,5,22,0,30,0,12,9,0,16,0,12
1004,2013-05-22,9,0,0,0,0,52,0,13,20,2,15,4,0
1051,2013-05-23,0,16,0,14,0,4,6,13,19,24,2,3,2
1097,2013-05-24,1,0,11,27,0,65,35,9,65,10,3,9,14
1144,2013-05-25,5,0,2,17,0,4,0,0,9,3,0,15,0
1191,2013-05-26,0,0,0,0,0,0,0,0,19,0,0,0,0
1238,2013-05-27,8,9,8,41,0,34,0,4,8,13,23,3,4
1285,2013-05-28,2,5,23,8,4,52,6,2,15,0,2,13,48
1328,2013-05-29,4,1,14,9,0,17,12,0,58,5,23,30,0
1372,2013-05-30,0,0,10,11,0,52,0,0,42,0,0,21,0
1412,2013-05-31,11,8,17,2,0,54,6,17,50,7,24,0,7
20,2013-06-01,17,4,23,9,0,41,0,8,17,9,0,0,31
67,2013-06-02,1,1,0,10,0,21,0,0,8,0,0,0,0
115,2013-06-03,12,20,20,8,13,5,0,20,35,1,18,3,0
160,2013-06-04,8,4,49,6,0,84,16,21,22,0,2,4,0
207,2013-06-05,27,23,7,0,0,139,0,13,5,11,0,0,2
255,2013-06-06,2,10,14,23,1,34,2,19,4,14,16,4,0
303,2013-06-07,10,7,69,32,0,54,12,10,36,14,26,36,0
350,2013-06-08,4,15,0,5,0,52,6,7,18,11,2,9,0
398,2013-06-09,0,0,0,7,0,6,0,0,0,0,0,0,0
445,2013-06-10,6,37,11,19,12,32,5,12,47,0,6,23,0
491,2013-06-11,19,2,19,24,0,69,8,0,37,8,11,29,35
539,2013-06-12,10,9,21,1,0,89,17,0,0,3,22,34,0
586,2013-06-13,4,35,38,22,0,128,0,12,9,35,10,43,3
634,2013-06-14,1,42,0,17,4,40,40,17,56,2,0,1,23
680,2013-06-15,1,1,24,4,0,31,0,27,26,2,30,10,0
728,2013-06-16,0,9,0,0,0,7,0,0,0,0,0,0,0
774,2013-06-17,18,41,24,17,0,78,15,0,30,3,5,25,12
821,2013-06-18,21,23,3,8,0,30,22,7,40,39,21,27,23
868,2013-06-19,3,23,19,24,0,17,2,5,15,7,0,13,2
914,2013-06-20,1,34,11,21,0,0,0,13,12,0,2,17,13
960,2013-06-21,2,14,29,8,1,30,0,5,35,24,25,29,22
1008,2013-06-22,25,17,0,0,0,13,1,6,8,13,0,0,0
1055,2013-06-23,0,0,12,0,0,15,0,0,0,0,0,0,0
1101,2013-06-24,24,0,40,29,0,75,15,0,35,33,15,3,26
1148,2013-06-25,6,27,13,68,0,58,8,12,22,0,12,16,20
1195,2013-06-26,0,11,15,15,0,73,2,22,44,13,3,0,21
1242,2013-06-27,10,7,14,38,0,48,16,10,33,25,12,23,19
1289,2013-06-28,18,25,48,23,6,66,0,8,29,0,2,9,0
1332,2013-06-29,3,2,6,0,0,25,0,22,10,12,5,0,2
1376,2013-06-30,0,15,0,14,0,0,0,0,6,0,0,0,0
24,2013-07-01,24,6,17,14,0,28,8,0,16,0,0,17,0
71,2013-07-02,14,20,12,0,0,16,0,3,43,13,6,7,3
118,2013-07-03,25,22,0,0,0,73,0,11,14,0,1,3,0
164,2013-07-04,0,2,1,0,0,4,0,15,45,12,4,4,0
211,2013-07-05,7,1,5,1,0,12,7,0,0,0,27,8,5
259,2013-07-06,13,33,0,0,0,30,0,0,18,0,0,0,4
307,2013-07-07,0,0,0,0,0,0,0,0,0,0,0,0,7
354,2013-07-08,3,11,3,0,0,37,30,0,63,13,19,0,0
402,2013-07-09,5,12,28,2,0,44,0,0,11,2,20,4,15
448,2013-07-10,14,12,4,51,0,6,0,0,0,6,0,0,0
495,2013-07-11,7,0,6,7,0,36,8,16,0,3,8,25,0
543,2013-07-12,8,6,35,10,0,21,0,5,44,0,0,14,1
590,2013-07-13,1,2,1,11,0,2,0,17,12,0,6,0,0
638,2013-07-14,9,2,2,0,0,17,0,0,0,0,0,0,0
684,2013-07-15,5,0,16,3,0,22,0,19,34,37,22,0,2
732,2013-07-16,0,1,16,0,0,2,14,19,16,0,13,37,0
778,2013-07-17,0,8,12,3,0,32,0,0,38,9,0,13,0
825,2013-07-18,16,0,9,0,0,34,7,0,0,8,27,4,0
872,2013-07-19,17,8,11,5,0,21,0,4,6,22,20,9,0
918,2013-07-20,2,1,18,0,0,11,0,0,77,0,5,0,0
964,2013-07-21,0,0,0,0,0,0,0,0,0,5,0,0,0
1011,2013-07-22,6,16,22,12,11,35,19,0,33,13,6,31,0
1059,2013-07-23,10,12,0,26,0,40,9,11,27,20,7,0,21
1105,2013-07-24,0,0,7,0,0,66,0,17,5,0,0,4,2
1152,2013-07-25,0,8,12,8,0,30,0,21,35,2,0,0,10
1199,2013-07-26,8,0,5,12,0,31,0,0,15,9,38,3,0
1246,2013-07-27,16,4,0,6,0,0,0,1,0,0,0,0,0
1293,2013-07-28,0,0,0,0,0,0,18,0,0,0,0,0,0
1336,2013-07-29,17,13,16,0,0,24,0,7,1,14,3,33,0
1380,2013-07-30,1,0,2,0,16,5,18,12,19,2,0,0,16
1416,2013-07-31,8,6,32,0,0,14,7,6,0,0,2,0,0
28,2013-08-01,0,19,27,19,0,41,28,15,9,0,7,3,17
75,2013-08-02,13,40,2,0,0,16,11,5,29,2,4,28,16
122,2013-08-03,10,23,0,14,0,12,0,0,4,0,7,0,0
168,2013-08-04,0,0,0,0,0,17,0,29,0,0,0,9,0
215,2013-08-05,4,2,22,10,0,30,9,5,34,0,8,20,11
263,2013-08-06,11,1,17,4,6,24,27,6,42,0,0,0,22
311,2013-08-07,5,25,9,11,2,83,15,28,15,11,4,24,16
358,2013-08-08,22,21,13,0,0,39,6,0,13,0,3,10,10
406,2013-08-09,10,6,6,7,0,78,6,0,21,0,13,8,5
452,2013-08-10,5,0,2,11,0,33,14,0,29,0,0,0,0
499,2013-08-11,0,0,0,0,0,13,0,0,15,0,0,0,0
547,2013-08-12,17,16,19,3,4,40,32,43,28,0,0,0,17
594,2013-08-13,39,1,24,50,0,64,0,6,22,14,0,0,0
641,2013-08-14,10,11,12,0,0,62,14,0,62,0,0,21,7
688,2013-08-15,35,29,43,26,0,19,0,0,29,9,9,20,6
736,2013-08-16,17,25,69,15,0,64,15,21,34,0,23,12,0
782,2013-08-17,5,8,11,12,2,13,0,0,0,0,10,0,0
829,2013-08-18,0,0,0,0,0,0,0,0,0,0,4,0,2
876,2013-08-19,28,27,31,14,0,47,43,14,0,10,0,0,26
921,2013-08-20,13,22,3,0,17,55,0,0,13,13,0,23,16
968,2013-08-21,1,28,14,32,6,34,10,24,4,0,0,13,3
1015,2013-08-22,32,9,15,26,2,12,0,40,9,16,42,31,12
1063,2013-08-23,21,23,14,15,0,26,10,0,17,6,16,19,3
1109,2013-08-24,16,5,6,16,7,65,10,13,0,16,29,12,0
1156,2013-08-25,0,1,2,0,0,12,0,0,0,0,0,0,0
1203,2013-08-26,9,8,20,0,0,10,5,23,3,0,0,6,4
1250,2013-08-27,22,19,29,22,0,69,0,19,10,24,15,4,1
1296,2013-08-28,22,12,16,7,0,81,0,19,7,25,0,29,0
1340,2013-08-29,9,24,2,24,0,21,9,25,66,8,6,4,11
1384,2013-08-30,21,2,11,21,0,59,16,0,12,24,0,0,0
1420,2013-08-31,2,2,0,0,0,48,0,0,3,25,9,37,0
32,2013-09-01,0,4,6,0,0,2,0,0,0,0,0,0,0
79,2013-09-02,5,22,4,18,1,25,6,3,31,41,3,12,0
126,2013-09-03,40,35,25,0,0,68,0,0,40,4,38,27,6
171,2013-09-04,41,22,4,0,0,48,0,13,27,36,0,0,3
219,2013-09-05,5,23,23,27,0,123,0,0,57,10,8,5,3
267,2013-09-06,2,9,43,31,0,93,26,14,42,42,14,3,3
315,2013-09-07,4,5,12,0,0,25,0,0,5,5,0,0,0
362,2013-09-08,0,0,0,0,0,0,0,0,0,0,0,4,3
410,2013-09-09,3,26,19,19,0,61,0,21,19,8,27,15,0
455,2013-09-10,25,10,21,15,0,70,0,21,23,2,4,8,48
503,2013-09-11,5,14,12,36,0,10,41,30,22,3,12,4,8
551,2013-09-12,7,7,52,19,0,58,0,16,23,19,27,16,12
598,2013-09-13,24,2,9,54,0,43,29,0,21,2,27,34,7
645,2013-09-14,0,14,31,4,0,55,21,18,26,0,0,0,9
692,2013-09-15,5,0,0,0,0,2,4,0,10,5,0,0,0
740,2013-09-16,5,9,7,36,0,99,3,7,67,3,24,4,4
786,2013-09-17,15,10,4,15,0,42,10,51,17,0,8,21,2
833,2013-09-18,12,1,20,4,0,24,11,5,13,21,14,1,11
880,2013-09-19,20,13,30,18,0,30,16,11,77,12,22,12,14
925,2013-09-20,6,16,121,53,1,74,13,0,27,33,15,14,24
972,2013-09-21,10,3,42,40,0,35,7,0,33,5,21,3,15
1019,2013-09-22,1,0,0,0,0,0,5,0,0,0,0,0,0
1067,2013-09-23,8,15,23,10,0,45,2,0,53,16,7,0,0
1113,2013-09-24,24,23,49,13,0,31,12,0,38,29,14,2,0
1160,2013-09-25,27,6,59,9,2,63,0,26,52,2,33,4,25
1207,2013-09-26,8,38,20,38,0,68,7,0,28,6,44,2,26
1254,2013-09-27,8,7,28,6,0,67,0,9,57,0,38,26,5
1300,2013-09-28,1,18,7,0,0,44,0,0,11,3,2,0,0
1344,2013-09-29,0,0,0,0,0,14,0,0,0,0,0,0,0
1388,2013-09-30,6,10,25,18,0,45,20,6,47,4,14,36,9
36,2013-10-01,3,16,14,9,0,14,4,8,7,5,0,0,0
83,2013-10-02,1,2,6,43,0,26,0,10,23,1,4,4,10
130,2013-10-03,2,0,27,36,0,21,0,16,47,3,6,3,16
175,2013-10-04,9,11,15,17,5,42,0,39,2,6,10,14,2
223,2013-10-05,0,4,17,0,0,21,0,0,17,15,0,0,7
271,2013-10-06,0,0,0,3,0,0,0,0,0,0,0,2,0
319,2013-10-07,15,17,0,6,0,18,39,3,23,0,19,8,8
366,2013-10-08,2,0,18,0,0,17,0,14,31,2,19,2,0
414,2013-10-09,11,0,18,25,0,22,0,7,27,0,2,9,16
459,2013-10-10,0,6,24,44,0,15,0,0,7,12,3,21,0
507,2013-10-11,5,20,9,7,0,32,0,15,24,0,5,7,0
555,2013-10-12,1,2,0,0,0,8,2,2,40,0,0,5,5
602,2013-10-13,0,0,0,0,0,10,0,0,0,0,0,0,0
649,2013-10-14,7,12,33,20,0,51,7,5,18,18,41,3,16
696,2013-10-15,2,2,35,8,0,99,1,14,47,9,3,24,9
744,2013-10-16,9,14,0,28,0,58,0,10,53,0,24,5,17
790,2013-10-17,2,0,5,31,0,12,8,22,0,1,0,15,6
837,2013-10-18,1,3,9,2,6,70,12,6,24,2,7,18,16
884,2013-10-19,0,0,0,4,0,3,0,0,13,0,5,0,13
929,2013-10-20,1,0,3,0,0,0,0,0,0,0,0,0,0
976,2013-10-21,17,13,8,11,0,62,0,19,7,3,7,0,0
1023,2013-10-22,0,26,7,23,0,12,5,12,19,37,29,37,17
1070,2013-10-23,5,17,7,6,5,56,8,25,31,0,7,11,0
1117,2013-10-24,0,6,0,0,0,41,5,1,12,10,5,5,0
1164,2013-10-25,16,1,13,25,0,15,5,0,27,0,12,2,0
1211,2013-10-26,0,2,0,0,0,0,0,0,8,0,0,0,10
1258,2013-10-27,0,0,0,0,0,2,4,0,0,0,0,0,0
1304,2013-10-28,2,3,16,0,0,13,16,14,6,28,11,0,2
1348,2013-10-29,12,3,28,15,0,32,9,10,55,29,19,9,0
1392,2013-10-30,23,4,13,9,0,31,12,18,2,6,1,0,72
1424,2013-10-31,10,15,19,31,0,31,0,7,58,8,2,0,7
40,2013-11-01,2,27,43,43,6,64,11,8,19,5,12,34,6
87,2013-11-02,0,3,16,3,0,21,17,0,5,0,0,6,0
179,2013-11-04,3,1,12,4,0,22,0,15,40,8,63,11,28
227,2013-11-05,25,4,23,24,0,62,0,4,27,0,48,6,7
275,2013-11-06,29,8,52,0,0,101,0,2,20,2,20,40,15
323,2013-11-07,6,34,17,12,0,19,0,13,16,0,8,35,0
370,2013-11-08,12,12,13,0,3,71,13,20,6,21,28,6,0
418,2013-11-09,5,20,34,8,4,68,8,0,24,0,0,0,0
463,2013-11-10,0,0,0,0,0,0,0,0,0,0,3,0,0
511,2013-11-11,5,31,31,24,0,70,27,3,16,68,54,36,3
559,2013-11-12,3,4,23,2,0,72,6,0,27,21,20,9,12
606,2013-11-13,30,34,2,4,4,60,16,0,46,26,20,0,14
653,2013-11-14,24,4,7,6,0,76,0,0,17,29,5,0,9
700,2013-11-15,6,11,44,19,0,105,1,10,24,30,5,17,19
748,2013-11-16,0,0,6,15,0,27,0,0,9,0,13,7,0
794,2013-11-17,2,0,19,0,0,0,0,3,0,0,10,0,0
841,2013-11-18,17,18,54,5,0,70,9,0,43,0,8,14,21
888,2013-11-19,11,23,52,6,0,86,0,6,35,6,12,28,11
933,2013-11-20,1,7,2,39,0,57,4,7,13,25,2,12,1
980,2013-11-21,11,2,2,0,10,74,12,2,33,31,14,0,19
1027,2013-11-22,8,17,0,8,0,107,0,14,40,17,9,5,17
1074,2013-11-23,17,1,3,18,0,42,0,4,8,17,0,0,0
1121,2013-11-24,1,0,2,0,0,28,0,18,0,14,0,0,0
1168,2013-11-25,8,2,7,16,0,84,29,0,32,26,32,0,7
1214,2013-11-26,6,13,24,44,0,41,0,32,42,22,3,9,0
1262,2013-11-27,5,5,25,4,1,11,6,0,30,19,27,0,14
1308,2013-11-28,19,60,48,32,0,57,18,12,33,20,5,0,19
1352,2013-11-29,26,16,4,10,0,42,0,0,24,24,0,5,4
1396,2013-11-30,2,7,1,0,0,55,0,20,5,0,0,14,0
44,2013-12-01,1,0,0,0,0,25,0,0,1,0,0,0,0
91,2013-12-02,5,17,11,2,0,58,0,5,37,29,19,29,0
137,2013-12-03,18,23,53,25,0,49,0,2,38,23,28,4,8
183,2013-12-04,11,18,26,24,0,68,7,1,13,26,31,4,17
231,2013-12-05,22,7,10,14,0,40,1,0,3,23,1,0,14
279,2013-12-06,28,21,69,2,0,90,12,36,20,21,3,6,15
327,2013-12-07,6,3,15,0,0,42,10,8,0,22,71,0,0
374,2013-12-08,0,2,0,0,0,0,0,0,0,0,0,0,9
422,2013-12-09,32,8,36,12,0,68,9,3,29,10,20,13,0
467,2013-12-10,24,23,23,3,0,78,7,3,58,5,8,6,14
515,2013-12-11,13,6,13,46,0,46,11,0,45,27,32,24,31
563,2013-12-12,28,11,6,3,3,15,16,29,63,35,71,0,0
610,2013-12-13,0,3,7,0,0,58,8,16,29,25,9,17,0
657,2013-12-14,0,2,25,0,0,9,0,4,2,0,9,12,0
704,2013-12-15,0,0,0,0,0,3,0,0,6,17,12,0,0
752,2013-12-16,34,11,3,17,1,72,9,16,18,3,7,8,8
798,2013-12-17,10,30,0,54,0,35,2,0,8,2,12,12,1
844,2013-12-18,14,11,77,11,4,93,3,14,18,0,12,32,21
892,2013-12-19,15,6,19,11,1,79,4,6,55,6,60,6,21
937,2013-12-20,3,18,57,27,0,29,20,12,58,10,14,6,29
984,2013-12-21,6,1,11,3,0,26,17,0,11,0,0,0,0
1031,2013-12-22,0,4,0,0,18,0,0,0,4,0,0,0,0
1078,2013-12-23,18,20,24,6,0,48,5,23,3,2,30,32,7
1125,2013-12-24,13,10,12,1,0,72,15,0,24,14,16,13,10
1172,2013-12-25,8,15,27,6,0,35,0,38,37,12,19,6,4
1218,2013-12-26,20,8,17,42,0,41,3,26,57,19,39,33,0
1266,2013-12-27,26,26,0,0,0,38,9,14,13,10,24,0,0
1312,2013-12-28,6,3,0,21,0,26,6,0,15,8,7,7,1
1356,2013-12-29,0,0,7,0,0,0,0,2,0,0,0,0,0
1400,2013-12-30,36,2,0,31,0,62,14,5,44,0,9,0,3
1428,2013-12-31,6,12,10,9,0,93,22,0,18,10,5,7,0
2,2014-01-01,3,8,0,9,0,22,0,3,13,4,15,0,0
49,2014-01-02,10,0,0,18,0,53,0,8,6,4,11,8,0
96,2014-01-03,9,5,4,41,0,29,10,39,28,0,1,8,0
142,2014-01-04,4,4,0,3,0,3,0,21,0,0,17,6,0
188,2014-01-05,0,0,0,0,0,7,0,0,0,0,0,0,12
236,2014-01-06,15,8,17,0,0,69,9,0,0,0,0,15,3
284,2014-01-07,0,5,9,18,1,0,0,0,7,0,0,8,0
332,2014-01-08,6,1,0,0,0,38,2,0,24,0,22,26,0
379,2014-01-09,2,3,62,8,0,9,14,5,19,0,2,22,0
427,2014-01-10,13,10,0,1,0,18,0,0,9,3,0,11,0
472,2014-01-11,1,0,0,10,0,0,0,15,4,0,0,8,0
520,2014-01-12,0,0,0,4,0,0,0,0,0,0,0,0,0
568,2014-01-13,10,21,28,0,9,13,0,0,6,8,1,2,0
615,2014-01-14,1,5,25,15,0,52,8,0,34,0,0,0,5
661,2014-01-15,7,13,19,5,0,35,9,0,27,0,21,11,0
709,2014-01-16,9,10,7,4,0,60,19,7,9,11,5,13,4
757,2014-01-17,11,2,0,10,0,32,23,21,7,0,11,0,6
803,2014-01-18,2,2,0,7,0,1,42,18,8,0,0,0,0
849,2014-01-19,0,0,0,0,0,0,0,4,0,0,0,0,0
897,2014-01-20,28,8,2,9,0,22,5,0,15,20,0,7,0
942,2014-01-21,1,10,9,4,0,67,0,6,2,5,11,3,0
989,2014-01-22,6,2,58,11,0,31,9,0,23,0,22,44,0
1036,2014-01-23,0,9,0,7,0,32,0,14,8,0,13,0,0
1083,2014-01-24,14,21,6,16,3,19,11,0,4,0,20,0,3
1130,2014-01-25,0,2,0,2,0,8,39,0,3,0,8,0,0
1177,2014-01-26,0,7,0,0,0,21,0,0,0,0,0,0,0
1223,2014-01-27,7,0,35,0,0,2,0,21,20,0,8,2,0
1271,2014-01-28,3,17,8,12,0,47,0,27,4,12,0,7,0
1317,2014-01-29,33,15,3,22,0,33,7,5,0,9,6,0,0
1361,2014-01-30,0,19,8,0,0,22,0,30,6,4,12,0,0
1405,2014-01-31,1,9,6,30,0,53,0,19,20,0,17,14,0
6,2014-02-01,2,0,4,0,0,8,0,0,9,0,0,0,0
100,2014-02-03,0,8,4,6,0,19,0,2,9,16,16,0,4
146,2014-02-04,8,13,4,10,0,21,0,0,11,5,0,37,0
192,2014-02-05,0,9,4,21,0,15,3,19,2,3,0,0,0
240,2014-02-06,0,16,15,0,0,43,0,3,11,0,10,8,0
288,2014-02-07,0,23,77,11,0,5,7,0,14,11,5,13,0
336,2014-02-08,0,3,0,0,0,2,0,0,6,0,0,0,0
383,2014-02-09,0,1,0,0,0,0,0,0,0,0,0,0,0
431,2014-02-10,2,9,18,31,0,27,0,4,22,0,9,17,10
476,2014-02-11,19,20,28,33,5,4,0,0,18,4,2,0,0
524,2014-02-12,4,8,13,37,0,7,0,0,0,4,14,8,0
572,2014-02-13,1,14,9,27,0,0,12,12,0,0,0,50,0
619,2014-02-14,0,1,3,0,0,52,0,34,8,9,8,26,1
665,2014-02-15,11,0,9,18,0,5,0,7,11,0,0,0,0
713,2014-02-16,2,0,0,0,0,12,0,0,0,0,0,0,0
760,2014-02-17,8,15,0,1,0,70,0,0,19,6,0,29,0
807,2014-02-18,4,8,0,0,12,15,0,0,8,25,0,54,0
853,2014-02-19,11,6,0,12,0,11,0,0,22,0,8,5,3
900,2014-02-20,12,13,0,0,0,25,7,0,11,0,9,0,0
946,2014-02-21,20,1,14,7,0,23,0,13,0,0,28,20,0
993,2014-02-22,5,0,5,0,22,16,0,0,0,0,0,0,4
1040,2014-02-23,0,6,0,3,0,0,0,0,10,0,0,0,0
1086,2014-02-24,10,7,19,5,0,25,0,13,21,0,16,4,5
1134,2014-02-25,5,11,11,0,0,29,0,5,0,14,0,0,0
1180,2014-02-26,6,0,11,8,0,23,0,7,7,0,0,7,0
1227,2014-02-27,13,26,15,14,0,1,0,0,6,0,38,0,0
1275,2014-02-28,5,42,51,7,6,28,14,3,0,0,0,10,13
10,2014-03-01,1,2,7,0,0,8,12,4,0,3,0,6,0
56,2014-03-02,7,4,9,0,0,0,0,0,0,0,0,2,0
104,2014-03-03,0,7,36,5,0,26,0,8,6,22,11,9,7
149,2014-03-04,9,10,29,0,0,23,13,3,43,0,18,29,7
196,2014-03-05,3,21,6,9,0,66,0,0,0,0,5,0,12
244,2014-03-06,20,23,6,10,0,75,0,0,24,0,0,0,0
292,2014-03-07,30,6,0,22,0,6,5,0,9,4,30,0,4
340,2014-03-08,0,0,9,0,0,10,0,0,12,12,0,0,15
387,2014-03-09,1,0,0,0,0,0,0,0,10,0,7,0,0
435,2014-03-10,2,15,3,7,1,12,20,11,27,0,9,4,5
480,2014-03-11,14,0,25,20,0,9,22,0,5,11,4,10,22
528,2014-03-12,28,13,38,3,0,19,1,0,9,15,0,23,23
575,2014-03-13,3,9,25,3,2,0,0,25,16,7,3,5,0
623,2014-03-14,11,3,9,13,0,63,0,13,20,13,39,1,0
669,2014-03-15,2,3,12,13,0,6,0,0,19,0,0,57,0
717,2014-03-16,0,0,0,0,0,0,0,0,5,0,0,0,0
764,2014-03-17,9,6,26,24,0,28,0,21,14,23,21,26,21
810,2014-03-18,25,2,6,3,6,72,2,11,17,43,2,2,8
857,2014-03-19,19,10,26,8,0,69,0,8,7,0,21,14,0
903,2014-03-20,20,27,0,11,0,5,20,28,17,10,40,3,7
950,2014-03-21,12,18,6,9,0,40,9,0,0,4,7,15,28
997,2014-03-22,0,0,12,0,0,17,29,10,1,3,29,26,0
1044,2014-03-23,0,0,5,0,0,0,0,0,0,0,0,0,0
1090,2014-03-24,4,15,29,26,0,19,3,0,4,9,22,4,0
1137,2014-03-25,5,18,24,7,0,24,6,0,26,15,0,0,0
1184,2014-03-26,14,7,2,0,0,24,0,35,5,5,25,11,2
1231,2014-03-27,0,15,5,4,0,40,33,37,35,6,1,0,0
1279,2014-03-28,0,25,35,9,2,44,0,0,42,2,7,3,0
1322,2014-03-29,0,0,0,0,0,3,0,0,11,0,26,0,0
1365,2014-03-30,0,0,0,0,0,5,9,0,0,0,0,0,0
1409,2014-03-31,28,11,22,13,0,66,17,6,1,5,8,0,0
14,2014-04-01,1,17,0,9,0,37,0,19,79,18,3,5,0
60,2014-04-02,22,6,10,2,0,71,10,5,26,9,25,15,5
108,2014-04-03,0,0,12,15,0,43,0,8,34,4,3,11,0
153,2014-04-04,6,0,0,24,0,31,6,0,0,4,0,4,0
200,2014-04-05,2,4,4,0,0,8,0,7,0,9,0,2,9
248,2014-04-06,0,0,0,0,0,23,0,0,0,0,0,0,0
296,2014-04-07,0,23,0,2,1,52,30,0,23,0,0,15,4
343,2014-04-08,2,14,20,4,0,29,0,3,17,0,0,13,0
391,2014-04-09,10,11,4,35,0,43,0,0,39,9,9,7,0
438,2014-04-10,7,2,23,2,0,58,0,0,13,23,0,0,5
484,2014-04-11,9,4,18,9,0,8,0,11,40,16,0,5,10
532,2014-04-12,11,6,0,0,0,17,0,0,9,4,12,0,0
579,2014-04-13,0,0,0,0,0,13,0,0,0,9,0,0,0
627,2014-04-14,12,25,11,2,0,26,0,0,23,5,12,0,0
673,2014-04-15,13,6,24,2,0,14,28,0,49,20,0,7,13
721,2014-04-16,3,14,27,24,0,27,0,0,24,0,8,40,13
767,2014-04-17,7,18,23,0,0,63,13,8,45,5,8,0,16
814,2014-04-18,17,17,5,10,0,14,0,10,0,3,54,21,0
861,2014-04-19,0,0,7,0,0,27,0,0,23,0,0,0,0
907,2014-04-20,0,1,0,0,2,4,0,0,0,0,0,0,0
953,2014-04-21,20,12,16,26,0,58,19,0,26,21,0,0,0
1001,2014-04-22,5,13,12,9,0,23,0,37,16,9,4,0,0
1048,2014-04-23,41,1,15,14,0,12,13,0,16,3,2,0,3
1094,2014-04-24,3,1,2,17,0,67,7,0,22,20,20,11,0
1141,2014-04-25,16,19,23,0,0,24,4,0,5,8,11,0,7
1188,2014-04-26,1,0,12,18,0,40,0,0,14,0,22,5,0
1235,2014-04-27,2,0,19,0,0,1,0,0,0,0,11,0,0
1282,2014-04-28,15,17,11,9,0,61,6,0,23,0,16,8,0
1326,2014-04-29,2,0,3,19,0,11,0,0,7,3,0,13,14
1369,2014-04-30,10,7,20,13,0,34,0,0,13,6,0,36,16
17,2014-05-01,7,0,2,19,0,37,25,16,28,16,17,3,0
64,2014-05-02,4,7,7,10,0,23,17,6,32,0,0,13,9
112,2014-05-03,4,16,6,0,0,12,0,6,7,3,17,1,0
157,2014-05-04,5,0,0,12,0,0,0,0,0,18,21,0,0
204,2014-05-05,4,8,0,30,0,7,28,16,26,6,11,12,0
252,2014-05-06,1,5,0,23,0,7,0,6,18,1,22,9,15
300,2014-05-07,9,31,16,15,0,104,2,0,56,4,7,17,6
347,2014-05-08,22,40,16,36,0,34,28,15,44,0,8,12,25
395,2014-05-09,6,13,30,7,1,38,17,2,22,5,10,28,11
442,2014-05-10,11,4,11,14,0,18,6,2,6,0,15,12,6
488,2014-05-11,0,0,0,10,0,0,0,0,13,0,0,0,0
536,2014-05-12,2,11,7,10,2,40,5,12,9,3,18,4,2
583,2014-05-13,10,21,17,14,0,14,9,1,20,24,12,7,0
631,2014-05-14,3,22,23,0,0,21,0,15,10,14,8,3,6
677,2014-05-15,2,18,31,18,4,44,0,6,38,35,23,0,8
725,2014-05-16,40,0,14,40,0,53,5,2,13,0,11,0,0
771,2014-05-17,0,1,4,8,0,7,10,0,0,2,0,5,0
818,2014-05-18,0,1,0,0,0,0,0,0,5,0,0,0,0
865,2014-05-19,6,0,34,22,0,51,11,25,98,6,2,4,20
911,2014-05-20,16,2,7,4,0,43,15,21,47,11,23,0,0
957,2014-05-21,11,10,22,12,0,45,20,16,4,0,26,7,4
1005,2014-05-22,13,7,3,12,0,7,16,1,21,8,0,11,0
1052,2014-05-23,8,4,29,8,0,11,18,23,0,0,18,3,10
1098,2014-05-24,4,0,14,9,0,26,0,20,3,0,3,8,0
1145,2014-05-25,0,0,0,0,0,0,0,0,0,0,0,21,0
1192,2014-05-26,13,9,11,19,0,21,10,14,40,17,0,16,0
1239,2014-05-27,27,1,4,60,0,35,9,1,18,0,2,12,0
1286,2014-05-28,15,14,5,21,1,25,6,0,18,0,21,17,0
1329,2014-05-29,26,14,6,11,0,73,12,21,17,20,12,0,0
1373,2014-05-30,2,12,8,12,0,53,11,6,8,0,0,6,9
1413,2014-05-31,0,0,3,23,0,1,3,20,16,0,14,18,4
21,2014-06-01,5,0,0,0,0,0,6,0,0,0,0,7,0
68,2014-06-02,13,10,36,6,0,38,10,21,2,20,0,27,10
116,2014-06-03,38,19,18,41,0,60,0,17,21,3,11,0,30
161,2014-06-04,1,26,22,19,0,21,6,13,90,12,27,29,0
208,2014-06-05,29,11,43,12,0,55,20,0,22,0,0,33,7
256,2014-06-06,7,18,40,26,0,35,0,0,59,0,0,26,0
304,2014-06-07,0,10,9,0,0,3,0,0,23,0,6,4,0
351,2014-06-08,15,0,7,0,0,0,0,9,10,0,0,0,0
399,2014-06-09,46,9,21,7,0,86,5,1,65,2,15,9,9
446,2014-06-10,28,9,17,8,0,54,16,38,66,0,0,4,10
492,2014-06-11,14,33,24,27,0,43,4,10,68,14,32,13,22
540,2014-06-12,32,14,17,6,0,31,8,16,68,0,38,0,0
587,2014-06-13,15,24,37,4,0,33,12,18,16,16,6,33,2
635,2014-06-14,19,12,6,0,0,36,0,21,28,0,4,9,0
681,2014-06-15,2,0,0,0,0,9,0,8,2,0,0,0,0
729,2014-06-16,21,3,26,32,0,38,18,10,61,0,5,3,16
775,2014-06-17,12,19,10,42,0,56,21,10,23,11,18,16,2
822,2014-06-18,75,41,62,52,11,94,27,0,19,8,10,56,6
869,2014-06-19,1,8,28,0,0,28,2,20,26,0,15,40,23
915,2014-06-20,8,2,19,30,0,21,3,8,11,33,6,0,17
961,2014-06-21,1,19,16,19,0,33,0,0,23,21,0,3,0
1009,2014-06-22,0,0,11,0,0,7,0,0,0,26,0,7,0
1056,2014-06-23,13,79,13,13,2,66,0,0,5,10,0,55,22
1102,2014-06-24,13,3,45,57,0,67,13,15,46,0,0,7,37
1149,2014-06-25,5,32,9,14,0,108,0,0,33,11,26,15,0
1196,2014-06-26,4,30,26,9,8,75,0,36,38,1,15,23,0
1243,2014-06-27,7,17,53,10,4,68,8,9,46,37,21,5,8
1290,2014-06-28,46,0,0,4,0,6,10,0,12,3,11,10,0
1333,2014-06-29,0,7,10,0,0,0,3,0,0,0,0,0,0
1377,2014-06-30,12,58,33,16,0,55,11,5,50,14,24,40,3
25,2014-07-01,8,3,3,0,0,49,0,15,8,20,11,0,0
72,2014-07-02,13,5,19,19,0,35,0,0,9,0,0,0,9
119,2014-07-03,2,40,36,0,0,25,7,22,31,0,0,0,12
165,2014-07-04,0,4,16,0,7,23,0,14,58,25,29,11,11
212,2014-07-05,10,9,34,15,0,2,4,7,5,0,0,0,0
260,2014-07-06,3,0,0,0,0,40,0,0,0,0,0,0,0
308,2014-07-07,10,17,18,10,0,28,0,1,1,5,3,26,2
355,2014-07-08,1,8,10,6,0,17,27,0,3,23,3,0,5
403,2014-07-09,15,18,8,6,0,4,29,5,11,30,40,22,11
449,2014-07-10,29,7,9,5,0,75,21,0,5,17,2,29,10
496,2014-07-11,8,9,22,14,0,8,5,5,50,0,0,14,9
544,2014-07-12,0,15,0,0,0,21,12,0,0,6,24,8,0
591,2014-07-13,0,0,0,0,0,6,0,0,0,1,0,0,0
639,2014-07-14,12,9,9,11,0,50,0,7,42,10,0,0,0
685,2014-07-15,3,6,0,10,0,13,0,0,8,33,22,4,4
733,2014-07-16,4,8,8,12,0,49,0,1,28,21,0,7,0
779,2014-07-17,3,19,5,19,0,5,24,2,3,2,0,18,0
826,2014-07-18,7,17,0,0,0,10,4,0,12,11,19,0,0
873,2014-07-19,2,3,2,0,0,5,0,1,17,11,16,13,4
965,2014-07-21,19,8,13,0,0,30,6,0,42,8,0,18,9
1012,2014-07-22,12,8,41,5,0,36,0,18,29,21,28,22,0
1060,2014-07-23,10,8,6,14,0,4,7,9,6,3,0,10,0
1106,2014-07-24,6,20,17,18,0,62,0,14,25,10,12,0,0
1153,2014-07-25,22,5,14,5,0,22,0,0,0,0,5,4,0
1200,2014-07-26,0,28,0,2,0,38,0,9,20,18,0,8,3
1247,2014-07-27,0,0,0,0,0,15,2,0,0,0,8,11,0
1294,2014-07-28,13,21,15,6,0,7,0,3,33,9,14,0,17
1337,2014-07-29,0,22,12,4,1,13,0,9,2,0,9,29,0
1381,2014-07-30,5,9,21,0,0,43,0,0,55,9,5,0,4
1417,2014-07-31,2,10,28,13,0,27,0,0,10,9,9,0,24
29,2014-08-01,9,27,24,9,0,20,9,0,22,16,9,22,20
76,2014-08-02,19,9,17,19,0,113,2,4,25,0,5,0,1
123,2014-08-03,0,0,6,5,0,6,0,0,5,0,0,6,0
169,2014-08-04,19,23,63,0,9,76,0,3,14,5,12,13,0
216,2014-08-05,20,7,50,30,0,27,1,7,0,0,3,38,3
264,2014-08-06,5,4,40,28,2,65,47,0,18,0,0,1,0
312,2014-08-07,12,34,72,9,0,45,24,0,24,23,0,18,0
359,2014-08-08,22,7,10,12,13,48,11,27,25,12,34,21,25
407,2014-08-09,3,15,15,2,0,35,7,32,13,0,0,10,0
500,2014-08-11,17,35,59,7,0,89,0,13,3,0,0,9,0
548,2014-08-12,20,27,18,19,0,124,11,6,26,4,0,6,0
595,2014-08-13,2,8,31,3,7,89,53,22,10,13,34,25,15
642,2014-08-14,23,24,17,28,3,27,14,12,44,3,20,27,0
689,2014-08-15,2,10,25,4,2,49,0,9,66,0,11,9,2
737,2014-08-16,1,3,5,24,0,50,0,20,36,8,0,25,0
783,2014-08-17,2,1,0,0,0,0,0,0,7,0,0,0,0
830,2014-08-18,3,17,21,8,0,102,24,18,30,16,30,17,10
877,2014-08-19,11,30,24,19,0,54,11,24,20,25,32,0,11
922,2014-08-20,36,31,19,0,0,36,17,26,21,4,3,47,6
969,2014-08-21,9,2,18,22,0,36,9,0,36,3,21,22,3
1016,2014-08-22,7,29,45,0,0,33,34,11,40,24,54,42,2
1064,2014-08-23,0,22,6,18,0,19,7,2,6,2,1,1,2
1110,2014-08-24,0,0,5,0,0,0,0,3,28,0,0,0,0
1157,2014-08-25,22,13,22,40,9,16,0,0,11,15,0,9,0
1204,2014-08-26,7,29,33,43,0,28,44,24,31,4,0,13,26
1251,2014-08-27,2,25,22,17,0,49,3,7,28,0,0,28,7
1297,2014-08-28,14,15,20,12,0,77,9,18,6,41,34,5,29
1341,2014-08-29,13,13,9,0,0,73,2,18,85,0,16,8,0
1385,2014-08-30,0,7,7,0,0,33,0,7,14,7,3,23,0
1421,2014-08-31,3,0,6,0,0,0,0,0,0,0,0,3,0
33,2014-09-01,7,20,58,10,0,80,0,0,29,0,25,8,6
80,2014-09-02,15,21,36,12,2,50,8,6,24,5,15,2,0
127,2014-09-03,33,21,12,17,0,97,13,8,63,54,42,13,12
172,2014-09-04,13,4,31,44,0,46,8,22,41,9,12,17,14
220,2014-09-05,16,37,20,9,0,101,0,0,36,29,46,6,39
268,2014-09-06,5,20,49,6,0,0,10,13,55,0,1,4,0
316,2014-09-07,0,0,0,0,0,0,0,0,0,0,0,7,0
363,2014-09-08,10,16,23,17,0,112,0,3,26,26,35,28,18
411,2014-09-09,3,26,19,0,4,106,19,5,31,11,0,11,0
456,2014-09-10,6,30,17,6,0,32,0,2,39,39,32,7,0
504,2014-09-11,10,21,21,13,0,92,17,33,26,13,5,15,3
552,2014-09-12,16,11,26,17,5,105,30,11,44,0,56,16,2
599,2014-09-13,1,11,0,20,0,19,0,9,17,27,5,5,8
646,2014-09-14,0,0,0,0,0,0,0,12,5,0,0,0,0
693,2014-09-15,12,10,36,2,0,47,4,2,35,47,9,26,9
741,2014-09-16,4,14,42,12,5,74,15,5,53,41,51,1,6
787,2014-09-17,14,14,41,11,3,88,22,23,30,22,8,11,24
834,2014-09-18,60,40,27,0,0,56,0,10,80,7,26,7,0
881,2014-09-19,11,29,9,38,0,47,0,0,71,5,19,0,10
926,2014-09-20,6,5,0,29,0,21,0,0,33,8,36,0,0
973,2014-09-21,0,0,0,0,0,10,0,0,0,52,0,2,0
1020,2014-09-22,8,5,8,8,1,42,0,0,4,2,12,48,25
1068,2014-09-23,11,13,31,4,13,105,10,28,45,30,5,19,13
1114,2014-09-24,1,16,5,39,0,43,9,0,32,0,37,0,0
1161,2014-09-25,21,8,62,16,0,78,48,3,86,11,24,13,6
1208,2014-09-26,8,33,59,38,0,84,55,8,20,37,5,32,2
1255,2014-09-27,5,9,51,0,0,19,0,0,25,0,22,19,0
1301,2014-09-28,14,0,37,0,0,6,0,0,9,0,0,0,0
1345,2014-09-29,5,29,29,16,0,41,0,63,16,1,17,19,3
1389,2014-09-30,0,30,23,13,0,47,15,0,22,28,25,20,3
37,2014-10-01,0,6,0,13,0,27,24,1,2,10,8,42,28
84,2014-10-02,11,25,77,0,0,32,7,17,53,11,46,14,12
131,2014-10-03,60,11,28,2,0,69,8,4,46,5,56,11,0
176,2014-10-04,0,5,0,7,0,10,0,27,28,12,3,24,0
224,2014-10-05,0,0,0,14,0,23,0,0,1,1,0,0,0
272,2014-10-06,6,0,45,36,0,21,11,25,37,20,35,2,18
320,2014-10-07,13,10,41,34,0,37,14,0,58,15,10,13,21
367,2014-10-08,8,1,8,14,9,19,10,6,58,0,28,3,14
415,2014-10-09,9,10,7,17,0,8,2,27,44,3,9,10,22
460,2014-10-10,2,11,4,22,0,66,13,0,18,18,5,11,32
508,2014-10-11,20,0,6,6,0,7,10,9,0,0,0,9,0
556,2014-10-12,20,0,0,13,0,0,2,0,5,0,0,0,5
603,2014-10-13,1,0,38,30,0,106,28,2,17,20,28,30,2
650,2014-10-14,12,10,2,7,0,54,7,15,28,20,13,32,7
697,2014-10-15,1,10,5,21,0,27,10,5,26,7,6,3,7
745,2014-10-16,8,18,29,13,0,46,6,3,38,5,23,13,18
791,2014-10-17,10,10,47,33,0,23,55,20,59,13,12,11,60
838,2014-10-18,1,1,11,0,0,10,10,0,14,4,5,19,0
885,2014-10-19,0,4,0,0,0,0,2,0,29,0,0,4,0
930,2014-10-20,0,3,21,20,10,68,0,0,25,22,19,41,3
977,2014-10-21,9,11,7,4,0,19,17,10,90,12,5,26,7
1024,2014-10-22,34,22,13,16,6,67,47,5,47,12,6,5,22
1071,2014-10-23,0,17,23,27,0,74,10,8,2,27,13,20,0
1118,2014-10-24,11,9,8,12,0,27,29,0,70,43,0,31,5
1165,2014-10-25,0,0,8,10,0,10,0,1,32,0,0,12,17
1259,2014-10-27,2,0,17,10,0,41,8,16,25,21,0,34,0
1305,2014-10-28,31,9,24,11,0,95,0,0,44,0,16,18,3
1349,2014-10-29,15,11,18,48,0,47,0,30,53,5,0,24,3
1393,2014-10-30,4,11,18,10,2,79,33,3,6,8,0,5,19
1425,2014-10-31,7,0,23,11,0,59,21,31,23,15,49,11,15
41,2014-11-01,5,7,2,0,0,17,2,0,7,0,0,5,5
88,2014-11-02,1,1,0,0,0,7,0,0,0,11,14,0,0
134,2014-11-03,24,6,12,10,0,65,8,25,51,15,44,2,7
180,2014-11-04,41,12,10,35,0,41,10,22,40,6,48,34,34
228,2014-11-05,9,40,21,34,0,81,4,12,46,7,0,0,7
276,2014-11-06,29,19,41,31,0,43,19,7,35,27,12,11,13
324,2014-11-07,10,10,40,31,0,101,20,24,33,17,35,16,0
371,2014-11-08,7,3,32,11,0,41,7,0,33,23,18,9,22
419,2014-11-09,5,3,0,0,0,0,0,0,0,15,0,0,0
464,2014-11-10,11,19,37,0,0,102,0,9,59,24,17,10,18
512,2014-11-11,5,12,13,23,0,37,38,0,12,5,49,17,7
560,2014-11-12,11,15,41,7,0,136,38,15,27,3,13,2,39
607,2014-11-13,31,24,59,11,1,75,2,31,5,14,44,75,0
654,2014-11-14,16,10,51,18,2,34,0,36,56,38,33,45,7
701,2014-11-15,1,0,3,0,0,41,3,3,31,20,10,0,0
749,2014-11-16,0,0,10,16,0,14,3,0,8,0,0,0,0
795,2014-11-17,18,2,33,3,5,103,30,3,32,25,43,51,9
842,2014-11-18,45,54,52,33,4,95,56,0,70,25,12,12,0
889,2014-11-19,19,22,53,49,0,96,2,11,53,12,17,7,11
934,2014-11-20,2,8,68,53,0,117,0,11,101,35,14,34,0
981,2014-11-21,8,7,50,18,0,76,15,48,62,29,15,0,11
1028,2014-11-22,23,0,18,0,0,61,17,0,26,7,31,7,0
1075,2014-11-23,0,0,0,0,0,14,3,0,32,0,0,0,0
1122,2014-11-24,34,6,7,25,0,77,0,0,51,10,0,17,0
1169,2014-11-25,15,14,49,25,0,115,3,5,101,31,33,6,0
1215,2014-11-26,52,3,30,23,0,96,6,62,27,0,17,6,4
1263,2014-11-27,22,23,46,30,10,145,10,0,50,39,0,8,0
1309,2014-11-28,47,31,20,30,0,104,3,15,44,9,27,62,0
1353,2014-11-29,2,8,10,13,0,17,5,4,15,58,7,0,34
1397,2014-11-30,14,0,0,0,0,3,14,6,7,0,0,0,24
45,2014-12-01,39,6,21,4,14,64,13,0,23,34,3,38,0
92,2014-12-02,11,13,14,2,0,56,26,14,77,52,67,36,28
138,2014-12-03,27,16,29,25,0,76,0,2,37,29,89,44,0
184,2014-12-04,14,11,53,36,0,32,21,21,47,9,43,29,2
232,2014-12-05,21,11,13,37,0,44,0,25,28,47,2,0,5
280,2014-12-06,0,1,24,4,1,36,0,3,19,31,33,0,0
328,2014-12-07,1,0,0,0,0,9,0,0,15,0,1,0,0
375,2014-12-08,14,1,30,8,1,77,8,12,38,2,9,16,2
423,2014-12-09,13,25,30,9,0,93,11,0,12,28,70,8,12
468,2014-12-10,31,28,49,13,0,124,8,0,49,12,27,25,31
516,2014-12-11,21,16,31,6,0,42,11,13,30,21,27,49,18
564,2014-12-12,5,31,5,31,0,68,0,42,36,33,0,8,20
611,2014-12-13,1,24,2,14,0,55,4,19,30,0,0,11,27
658,2014-12-14,0,0,0,4,0,3,0,0,6,3,22,0,0
705,2014-12-15,12,23,38,12,0,128,19,15,27,14,22,12,3
753,2014-12-16,20,8,42,13,0,71,22,0,4,0,13,26,0
799,2014-12-17,16,34,22,4,0,54,13,0,7,4,38,35,0
845,2014-12-18,9,30,5,3,0,70,10,10,50,7,15,0,13
893,2014-12-19,46,15,36,41,0,54,6,8,50,52,17,19,0
938,2014-12-20,18,9,19,0,0,9,0,0,5,0,16,18,2
985,2014-12-21,0,4,0,0,0,0,0,0,0,13,0,0,0
1032,2014-12-22,40,0,0,0,0,37,0,17,36,11,14,7,6
1079,2014-12-23,3,8,51,44,16,82,5,0,62,15,22,45,5
1126,2014-12-24,43,35,12,0,0,76,0,0,85,5,4,6,0
1173,2014-12-25,13,19,31,22,2,67,0,0,25,20,25,43,0
1219,2014-12-26,9,44,22,30,0,131,7,31,37,30,6,12,18
1267,2014-12-27,9,8,33,0,0,79,7,10,14,2,0,26,0
1313,2014-12-28,6,0,14,0,0,23,0,0,0,6,0,0,2
1357,2014-12-29,15,42,45,61,0,100,4,2,27,21,20,23,48
1401,2014-12-30,33,17,20,18,2,63,0,0,28,3,22,68,10
1429,2014-12-31,15,28,21,0,0,47,22,17,16,14,7,29,7
